pd_multiplier,apr_strategy,cost_of_funds_annual,acquisition_cost,lgd,k_star_approve_pct,cutoff_pd_star,max_total_profit_at_k_star,youden_approve_pct_full,cutoff_gap_profit_minus_youden,category
1.0,tiered_uncapped,0.0,0,0.55,100.0,0.19155113956429146,354601464.43938994,79.40568212639002,20.59431787360998,approve_all
1.0,tiered_uncapped,0.0,0,0.65,100.0,0.19155113956429146,352316108.8192604,79.40568212639002,20.59431787360998,approve_all
1.0,tiered_uncapped,0.0,0,0.75,100.0,0.19155113956429146,350030753.19912916,79.40568212639002,20.59431787360998,approve_all
1.0,tiered_uncapped,0.0,0,0.85,100.0,0.19155113956429146,347745397.5790075,79.40568212639002,20.59431787360998,approve_all
1.0,tiered_uncapped,0.0,250,0.55,100.0,0.19155113956429146,295609464.43938375,79.40568212639002,20.59431787360998,approve_all
1.0,tiered_uncapped,0.0,250,0.65,100.0,0.19155113956429146,293324108.8192585,79.40568212639002,20.59431787360998,approve_all
1.0,tiered_uncapped,0.0,250,0.75,100.0,0.19155113956429146,291038753.1991269,79.40568212639002,20.59431787360998,approve_all
1.0,tiered_uncapped,0.0,250,0.85,100.0,0.19155113956429146,288753397.5790015,79.40568212639002,20.59431787360998,approve_all
1.0,tiered_uncapped,0.0,500,0.55,100.0,0.19155113956429146,236617464.43937892,79.40568212639002,20.59431787360998,approve_all
1.0,tiered_uncapped,0.0,500,0.65,100.0,0.19155113956429146,234332108.81925642,79.40568212639002,20.59431787360998,approve_all
1.0,tiered_uncapped,0.0,500,0.75,100.0,0.19155113956429146,232046753.19913197,79.40568212639002,20.59431787360998,approve_all
1.0,tiered_uncapped,0.0,500,0.85,100.0,0.19155113956429146,229761397.57900277,79.40568212639002,20.59431787360998,approve_all
1.0,tiered_uncapped,0.03,0,0.55,100.0,0.19155113956429146,284038145.6709276,79.40568212639002,20.59431787360998,approve_all
1.0,tiered_uncapped,0.03,0,0.65,100.0,0.19155113956429146,281752790.0508022,79.40568212639002,20.59431787360998,approve_all
1.0,tiered_uncapped,0.03,0,0.75,100.0,0.19155113956429146,279467434.4306808,79.40568212639002,20.59431787360998,approve_all
1.0,tiered_uncapped,0.03,0,0.85,100.0,0.19155113956429146,277182078.8105506,79.40568212639002,20.59431787360998,approve_all
1.0,tiered_uncapped,0.03,250,0.55,100.0,0.19155113956429146,225046145.6709277,79.40568212639002,20.59431787360998,approve_all
1.0,tiered_uncapped,0.03,250,0.65,100.0,0.19155113956429146,222760790.05080172,79.40568212639002,20.59431787360998,approve_all
1.0,tiered_uncapped,0.03,250,0.75,100.0,0.19155113956429146,220475434.4306815,79.40568212639002,20.59431787360998,approve_all
1.0,tiered_uncapped,0.03,250,0.85,100.0,0.19155113956429146,218190078.81054842,79.40568212639002,20.59431787360998,approve_all
1.0,tiered_uncapped,0.03,500,0.55,100.0,0.19155113956429146,166054145.67093062,79.40568212639002,20.59431787360998,approve_all
1.0,tiered_uncapped,0.03,500,0.65,100.0,0.19155113956429146,163768790.05080006,79.40568212639002,20.59431787360998,approve_all
1.0,tiered_uncapped,0.03,500,0.75,100.0,0.19155113956429146,161483434.43067622,79.40568212639002,20.59431787360998,approve_all
1.0,tiered_uncapped,0.03,500,0.85,100.0,0.19155113956429146,159198078.81055105,79.40568212639002,20.59431787360998,approve_all
1.0,tiered_uncapped,0.06,0,0.55,100.0,0.19155113956429146,213474826.9024744,79.40568212639002,20.59431787360998,approve_all
1.0,tiered_uncapped,0.06,0,0.65,100.0,0.19155113956429146,211189471.28234863,79.40568212639002,20.59431787360998,approve_all
1.0,tiered_uncapped,0.06,0,0.75,100.0,0.19155113956429146,208904115.6622253,79.40568212639002,20.59431787360998,approve_all
1.0,tiered_uncapped,0.06,0,0.85,100.0,0.19155113956429146,206618760.0420924,79.40568212639002,20.59431787360998,approve_all
1.0,tiered_uncapped,0.06,250,0.55,100.0,0.19155113956429146,154482826.9024762,79.40568212639002,20.59431787360998,approve_all
1.0,tiered_uncapped,0.06,250,0.65,100.0,0.19155113956429146,152197471.28235102,79.40568212639002,20.59431787360998,approve_all
1.0,tiered_uncapped,0.06,250,0.75,100.0,0.19155113956429146,149912115.66222358,79.40568212639002,20.59431787360998,approve_all
1.0,tiered_uncapped,0.06,250,0.85,100.0,0.19155113956429146,147626760.04209694,79.40568212639002,20.59431787360998,approve_all
1.0,tiered_uncapped,0.06,500,0.55,100.0,0.19155113956429146,95490826.90247698,79.40568212639002,20.59431787360998,approve_all
1.0,tiered_uncapped,0.06,500,0.65,100.0,0.19155113956429146,93205471.28235018,79.40568212639002,20.59431787360998,approve_all
1.0,tiered_uncapped,0.06,500,0.75,100.0,0.19155113956429146,90920115.66222465,79.40568212639002,20.59431787360998,approve_all
1.0,tiered_uncapped,0.06,500,0.85,100.0,0.19155113956429146,88634760.04209915,79.40568212639002,20.59431787360998,approve_all
1.0,tiered_cap_24,0.0,0,0.55,100.0,0.19155113956429146,344278651.8357955,79.40568212639002,20.59431787360998,approve_all
1.0,tiered_cap_24,0.0,0,0.65,100.0,0.19155113956429146,342016336.74748707,79.40568212639002,20.59431787360998,approve_all
1.0,tiered_cap_24,0.0,0,0.75,100.0,0.19155113956429146,339754021.65916866,79.40568212639002,20.59431787360998,approve_all
1.0,tiered_cap_24,0.0,0,0.85,100.0,0.19155113956429146,337491706.57086605,79.40568212639002,20.59431787360998,approve_all
1.0,tiered_cap_24,0.0,250,0.55,100.0,0.19155113956429146,285286651.8357933,79.40568212639002,20.59431787360998,approve_all
1.0,tiered_cap_24,0.0,250,0.65,100.0,0.19155113956429146,283024336.7474875,79.40568212639002,20.59431787360998,approve_all
1.0,tiered_cap_24,0.0,250,0.75,100.0,0.19155113956429146,280762021.65917087,79.40568212639002,20.59431787360998,approve_all
1.0,tiered_cap_24,0.0,250,0.85,100.0,0.19155113956429146,278499706.5708633,79.40568212639002,20.59431787360998,approve_all
1.0,tiered_cap_24,0.0,500,0.55,100.0,0.19155113956429146,226294651.8357892,79.40568212639002,20.59431787360998,approve_all
1.0,tiered_cap_24,0.0,500,0.65,100.0,0.19155113956429146,224032336.74748385,79.40568212639002,20.59431787360998,approve_all
1.0,tiered_cap_24,0.0,500,0.75,100.0,0.19155113956429146,221770021.65917385,79.40568212639002,20.59431787360998,approve_all
1.0,tiered_cap_24,0.0,500,0.85,100.0,0.19155113956429146,219507706.57086423,79.40568212639002,20.59431787360998,approve_all
1.0,tiered_cap_24,0.03,0,0.55,100.0,0.19155113956429146,273816187.1110384,79.40568212639002,20.59431787360998,approve_all
1.0,tiered_cap_24,0.03,0,0.65,100.0,0.19155113956429146,271553872.0227295,79.40568212639002,20.59431787360998,approve_all
1.0,tiered_cap_24,0.03,0,0.75,100.0,0.19155113956429146,269291556.9344204,79.40568212639002,20.59431787360998,approve_all
1.0,tiered_cap_24,0.03,0,0.85,100.0,0.19155113956429146,267029241.8461098,79.40568212639002,20.59431787360998,approve_all
1.0,tiered_cap_24,0.03,250,0.55,100.0,0.19155113956429146,214824187.11103573,79.40568212639002,20.59431787360998,approve_all
1.0,tiered_cap_24,0.03,250,0.65,100.0,0.19155113956429146,212561872.02272877,79.40568212639002,20.59431787360998,approve_all
1.0,tiered_cap_24,0.03,250,0.75,100.0,0.19155113956429146,210299556.9344243,79.40568212639002,20.59431787360998,approve_all
1.0,tiered_cap_24,0.03,250,0.85,100.0,0.19155113956429146,208037241.8461085,79.40568212639002,20.59431787360998,approve_all
1.0,tiered_cap_24,0.03,500,0.55,100.0,0.19155113956429146,155832187.1110389,79.40568212639002,20.59431787360998,approve_all
1.0,tiered_cap_24,0.03,500,0.65,100.0,0.19155113956429146,153569872.02272806,79.40568212639002,20.59431787360998,approve_all
1.0,tiered_cap_24,0.03,500,0.75,99.97669175481421,0.17789858353335242,151309146.92776603,79.40568212639002,20.571009628424193,approve_all
1.0,tiered_cap_24,0.03,500,0.85,99.935584486032,0.16985251038536625,149060971.9717287,79.40568212639002,20.52990235964198,approve_all
1.0,tiered_cap_24,0.06,0,0.55,100.0,0.19155113956429146,203353722.3862804,79.40568212639002,20.59431787360998,approve_all
1.0,tiered_cap_24,0.06,0,0.65,100.0,0.19155113956429146,201091407.2979751,79.40568212639002,20.59431787360998,approve_all
1.0,tiered_cap_24,0.06,0,0.75,100.0,0.19155113956429146,198829092.20966756,79.40568212639002,20.59431787360998,approve_all
1.0,tiered_cap_24,0.06,0,0.85,100.0,0.19155113956429146,196566777.1213524,79.40568212639002,20.59431787360998,approve_all
1.0,tiered_cap_24,0.06,250,0.55,100.0,0.19155113956429146,144361722.38628367,79.40568212639002,20.59431787360998,approve_all
1.0,tiered_cap_24,0.06,250,0.65,100.0,0.19155113956429146,142099407.29797667,79.40568212639002,20.59431787360998,approve_all
1.0,tiered_cap_24,0.06,250,0.75,99.97669175481421,0.17789858353335242,139838028.8505881,79.40568212639002,20.571009628424193,approve_all
1.0,tiered_cap_24,0.06,250,0.85,99.9029529427719,0.16430127759282215,137592358.13127726,79.40568212639002,20.497270816381885,approve_all
1.0,tiered_cap_24,0.06,500,0.55,100.0,0.19155113956429146,85369722.38628447,79.40568212639002,20.59431787360998,approve_all
1.0,tiered_cap_24,0.06,500,0.65,99.96482573908327,0.174769025351924,83113561.48625103,79.40568212639002,20.559143612693248,approve_all
1.0,tiered_cap_24,0.06,500,0.75,99.84150393273664,0.15607192781759482,80888234.48881616,79.40568212639002,20.435821806346624,approve_all
1.0,tiered_cap_24,0.06,500,0.85,99.65249525359371,0.1373827191808035,78720481.53347285,79.40568212639002,20.246813127203694,approve_all
1.0,flat_18,0.0,0,0.55,100.0,0.19155113956429146,415320511.0820062,79.40568212639002,20.59431787360998,approve_all
1.0,flat_18,0.0,0,0.65,100.0,0.19155113956429146,413089203.21017826,79.40568212639002,20.59431787360998,approve_all
1.0,flat_18,0.0,0,0.75,100.0,0.19155113956429146,410857895.33833396,79.40568212639002,20.59431787360998,approve_all
1.0,flat_18,0.0,0,0.85,100.0,0.19155113956429146,408626587.4664987,79.40568212639002,20.59431787360998,approve_all
1.0,flat_18,0.0,250,0.55,100.0,0.19155113956429146,356328511.0820087,79.40568212639002,20.59431787360998,approve_all
1.0,flat_18,0.0,250,0.65,100.0,0.19155113956429146,354097203.2101795,79.40568212639002,20.59431787360998,approve_all
1.0,flat_18,0.0,250,0.75,99.97669175481421,0.17789858353335242,351867085.4234271,79.40568212639002,20.571009628424193,approve_all
1.0,flat_18,0.0,250,0.85,99.9029529427719,0.16430127759282215,349652972.6226589,79.40568212639002,20.497270816381885,approve_all
1.0,flat_18,0.0,500,0.55,100.0,0.19155113956429146,297336511.08200836,79.40568212639002,20.59431787360998,approve_all
1.0,flat_18,0.0,500,0.65,99.96482573908327,0.174769025351924,295112063.7083784,79.40568212639002,20.559143612693248,approve_all
1.0,flat_18,0.0,500,0.75,99.84150393273664,0.15607192781759482,292919973.7572899,79.40568212639002,20.435821806346624,approve_all
1.0,flat_18,0.0,500,0.85,99.65249525359371,0.1373827191808035,290785878.319327,79.40568212639002,20.246813127203694,approve_all
1.0,flat_18,0.03,0,0.55,100.0,0.19155113956429146,344055060.352497,79.40568212639002,20.59431787360998,approve_all
1.0,flat_18,0.03,0,0.65,100.0,0.19155113956429146,341823752.4806477,79.40568212639002,20.59431787360998,approve_all
1.0,flat_18,0.03,0,0.75,99.99025291564958,0.18263148108791113,339593224.7961086,79.40568212639002,20.58457078925956,approve_all
1.0,flat_18,0.03,0,0.85,99.8868490642799,0.16280072589352976,337382777.4414381,79.40568212639002,20.48116693788988,approve_all
1.0,flat_18,0.03,250,0.55,100.0,0.19155113956429146,285063060.3524935,79.40568212639002,20.59431787360998,approve_all
1.0,flat_18,0.03,250,0.65,99.935584486032,0.16985251038536625,282838247.2039559,79.40568212639002,20.52990235964198,approve_all
1.0,flat_18,0.03,250,0.75,99.78895443449959,0.14861744093249712,280652964.79981357,79.40568212639002,20.383272308109568,approve_all
1.0,flat_18,0.03,250,0.85,99.62410157309466,0.13592373952271966,278524312.25812876,79.40568212639002,20.218419446704644,approve_all
1.0,flat_18,0.03,500,0.55,99.87413547599675,0.16071022416846784,226096404.11806783,79.40568212639002,20.468453349606733,approve_all
1.0,flat_18,0.03,500,0.65,99.65249525359371,0.1373827191808035,223956842.70776004,79.40568212639002,20.246813127203694,approve_all
1.0,flat_18,0.03,500,0.75,99.11937211825332,0.11765605246326172,221926236.51260087,79.40568212639002,19.713689991863305,approve_all
1.0,flat_18,0.03,500,0.85,98.78500474640629,0.10710544993304351,220006269.10994932,79.40568212639002,19.379322620016268,interior
1.0,flat_18,0.06,0,0.55,100.0,0.19155113956429146,272789609.62298113,79.40568212639002,20.59431787360998,approve_all
1.0,flat_18,0.06,0,0.65,99.9351606997559,0.16969276564940036,270565480.06969875,79.40568212639002,20.52947857336588,approve_all
1.0,flat_18,0.06,0,0.75,99.7898020070518,0.14870303120225675,268386902.4290759,79.40568212639002,20.384119880661785,approve_all
1.0,flat_18,0.06,0,0.85,99.54400596691077,0.13236633167507122,266266753.959337,79.40568212639002,20.138323840520755,approve_all
1.0,flat_18,0.06,250,0.55,99.84150393273664,0.15607192781759482,213827327.55024505,79.40568212639002,20.435821806346624,approve_all
1.0,flat_18,0.06,250,0.65,99.50205112557634,0.13060849636593178,211697062.28893194,79.40568212639002,20.096368999186325,approve_all
1.0,flat_18,0.06,250,0.75,99.11937211825332,0.11765605246326172,209686073.5740645,79.40568212639002,19.713689991863305,approve_all
1.0,flat_18,0.06,250,0.85,98.70151885001356,0.10479418650661303,207789224.9612041,79.40568212639002,19.295836723623538,interior
1.0,flat_18,0.06,500,0.55,98.88544209384324,0.11028863141312696,155133418.8885752,79.40568212639002,19.47975996745322,interior
1.0,flat_18,0.06,500,0.65,98.45233251966368,0.09784419352791209,153288252.45821357,79.40568212639002,19.046650393273666,interior
1.0,flat_18,0.06,500,0.75,97.94124627068076,0.0858747950966259,151548605.62453717,79.40568212639002,18.535564144290746,interior
1.0,flat_18,0.06,500,0.85,97.3687110116626,0.07501673018947486,149912849.12517375,79.40568212639002,17.96302888527258,interior
1.0,flat_24,0.0,0,0.55,100.0,0.19155113956429146,570539051.330582,79.40568212639002,20.59431787360998,approve_all
1.0,flat_24,0.0,0,0.65,100.0,0.19155113956429146,568258181.518335,79.40568212639002,20.59431787360998,approve_all
1.0,flat_24,0.0,0,0.75,100.0,0.19155113956429146,565977311.7061145,79.40568212639002,20.59431787360998,approve_all
1.0,flat_24,0.0,0,0.85,100.0,0.19155113956429146,563696441.8938864,79.40568212639002,20.59431787360998,approve_all
1.0,flat_24,0.0,250,0.55,100.0,0.19155113956429146,511547051.3305907,79.40568212639002,20.59431787360998,approve_all
1.0,flat_24,0.0,250,0.65,100.0,0.19155113956429146,509266181.5183454,79.40568212639002,20.59431787360998,approve_all
1.0,flat_24,0.0,250,0.75,100.0,0.19155113956429146,506985311.70610815,79.40568212639002,20.59431787360998,approve_all
1.0,flat_24,0.0,250,0.85,100.0,0.19155113956429146,504704441.89388335,79.40568212639002,20.59431787360998,approve_all
1.0,flat_24,0.0,500,0.55,100.0,0.19155113956429146,452555051.330589,79.40568212639002,20.59431787360998,approve_all
1.0,flat_24,0.0,500,0.65,100.0,0.19155113956429146,450274181.5183479,79.40568212639002,20.59431787360998,approve_all
1.0,flat_24,0.0,500,0.75,100.0,0.19155113956429146,447993311.7061085,79.40568212639002,20.59431787360998,approve_all
1.0,flat_24,0.0,500,0.85,100.0,0.19155113956429146,445712441.89388794,79.40568212639002,20.59431787360998,approve_all
1.0,flat_24,0.03,0,0.55,100.0,0.19155113956429146,497653571.91834885,79.40568212639002,20.59431787360998,approve_all
1.0,flat_24,0.03,0,0.65,100.0,0.19155113956429146,495372702.1061141,79.40568212639002,20.59431787360998,approve_all
1.0,flat_24,0.03,0,0.75,100.0,0.19155113956429146,493091832.2938856,79.40568212639002,20.59431787360998,approve_all
1.0,flat_24,0.03,0,0.85,100.0,0.19155113956429146,490810962.48164535,79.40568212639002,20.59431787360998,approve_all
1.0,flat_24,0.03,250,0.55,100.0,0.19155113956429146,438661571.91834813,79.40568212639002,20.59431787360998,approve_all
1.0,flat_24,0.03,250,0.65,100.0,0.19155113956429146,436380702.10611224,79.40568212639002,20.59431787360998,approve_all
1.0,flat_24,0.03,250,0.75,100.0,0.19155113956429146,434099832.2938855,79.40568212639002,20.59431787360998,approve_all
1.0,flat_24,0.03,250,0.85,100.0,0.19155113956429146,431818962.4816445,79.40568212639002,20.59431787360998,approve_all
1.0,flat_24,0.03,500,0.55,100.0,0.19155113956429146,379669571.9183479,79.40568212639002,20.59431787360998,approve_all
1.0,flat_24,0.03,500,0.65,100.0,0.19155113956429146,377388702.1061064,79.40568212639002,20.59431787360998,approve_all
1.0,flat_24,0.03,500,0.75,99.97669175481421,0.17789858353335242,375109422.2872275,79.40568212639002,20.571009628424193,approve_all
1.0,flat_24,0.03,500,0.85,99.935584486032,0.16985251038536625,372842692.60725963,79.40568212639002,20.52990235964198,approve_all
1.0,flat_24,0.06,0,0.55,100.0,0.19155113956429146,424768092.5061155,79.40568212639002,20.59431787360998,approve_all
1.0,flat_24,0.06,0,0.65,100.0,0.19155113956429146,422487222.69388294,79.40568212639002,20.59431787360998,approve_all
1.0,flat_24,0.06,0,0.75,100.0,0.19155113956429146,420206352.8816481,79.40568212639002,20.59431787360998,approve_all
1.0,flat_24,0.06,0,0.85,100.0,0.19155113956429146,417925483.0694064,79.40568212639002,20.59431787360998,approve_all
1.0,flat_24,0.06,250,0.55,100.0,0.19155113956429146,365776092.50611645,79.40568212639002,20.59431787360998,approve_all
1.0,flat_24,0.06,250,0.65,100.0,0.19155113956429146,363495222.69388115,79.40568212639002,20.59431787360998,approve_all
1.0,flat_24,0.06,250,0.75,99.97669175481421,0.17789858353335242,361215289.5225708,79.40568212639002,20.571009628424193,approve_all
1.0,flat_24,0.06,250,0.85,99.9029529427719,0.16430127759282215,358951064.07933193,79.40568212639002,20.497270816381885,approve_all
1.0,flat_24,0.06,500,0.55,100.0,0.19155113956429146,306784092.50611913,79.40568212639002,20.59431787360998,approve_all
1.0,flat_24,0.06,500,0.65,99.96482573908327,0.174769025351924,304509376.8821577,79.40568212639002,20.559143612693248,approve_all
1.0,flat_24,0.06,500,0.75,99.84150393273664,0.15607192781759482,302265495.1608006,79.40568212639002,20.435821806346624,approve_all
1.0,flat_24,0.06,500,0.85,99.65249525359371,0.1373827191808035,300079187.48152816,79.40568212639002,20.246813127203694,approve_all
2.0,tiered_uncapped,0.0,0,0.55,100.0,0.3831022791285829,389358980.36433136,79.40568212639002,20.59431787360998,approve_all
2.0,tiered_uncapped,0.0,0,0.65,99.99745728234336,0.37420802699451644,384860393.21803445,79.40568212639002,20.591775155953343,approve_all
2.0,tiered_uncapped,0.0,0,0.75,99.92244711147274,0.3340862571114339,380386170.84325695,79.40568212639002,20.516764985082716,approve_all
2.0,tiered_uncapped,0.0,0,0.85,99.80929617575265,0.3007048640312916,375990322.3759612,79.40568212639002,20.40361404936263,approve_all
2.0,tiered_uncapped,0.0,250,0.55,100.0,0.3831022791285829,330366980.3643334,79.40568212639002,20.59431787360998,approve_all
2.0,tiered_uncapped,0.0,250,0.65,99.935584486032,0.3397050207707325,325882503.944819,79.40568212639002,20.52990235964198,approve_all
2.0,tiered_uncapped,0.0,250,0.75,99.81692432872254,0.30307761334192423,321471803.6341078,79.40568212639002,20.411242202332517,approve_all
2.0,tiered_uncapped,0.0,250,0.85,99.65249525359371,0.274765438361607,317153968.37184,79.40568212639002,20.246813127203694,approve_all
2.0,tiered_uncapped,0.0,500,0.55,99.96482573908327,0.349538050703848,271383045.444547,79.40568212639002,20.559143612693248,approve_all
2.0,tiered_uncapped,0.0,500,0.65,99.84150393273664,0.31214385563518965,266954961.99282095,79.40568212639002,20.435821806346624,approve_all
2.0,tiered_uncapped,0.0,500,0.75,99.65249525359371,0.274765438361607,262631352.3641895,79.40568212639002,20.246813127203694,approve_all
2.0,tiered_uncapped,0.0,500,0.85,99.30160021697857,0.24671973177903056,258459621.25464386,79.40568212639002,19.89591809058855,approve_all
2.0,tiered_uncapped,0.03,0,0.55,100.0,0.3831022791285829,318857445.3702455,79.40568212639002,20.59431787360998,approve_all
2.0,tiered_uncapped,0.03,0,0.65,99.95041700569568,0.344546209316857,314368727.679817,79.40568212639002,20.544734879305665,approve_all
2.0,tiered_uncapped,0.03,0,0.75,99.82582384052075,0.3060309644414506,309954846.17276603,79.40568212639002,20.420141714130736,approve_all
2.0,tiered_uncapped,0.03,0,0.85,99.65715690263086,0.27520750659187365,305630903.0802533,79.40568212639002,20.25147477624084,approve_all
2.0,tiered_uncapped,0.03,250,0.55,99.97669175481421,0.35579716706670483,259870559.0446662,79.40568212639002,20.571009628424193,approve_all
2.0,tiered_uncapped,0.03,250,0.65,99.84150393273664,0.31214385563518965,255438171.6346297,79.40568212639002,20.435821806346624,approve_all
2.0,tiered_uncapped,0.03,250,0.75,99.65249525359371,0.274765438361607,251108269.6250646,79.40568212639002,20.246813127203694,approve_all
2.0,tiered_uncapped,0.03,250,0.85,99.30160021697857,0.24671973177903056,246932751.61855647,79.40568212639002,19.89591809058855,approve_all
2.0,tiered_uncapped,0.03,500,0.55,99.87413547599675,0.32142044833693567,200923750.6809021,79.40568212639002,20.468453349606733,approve_all
2.0,tiered_uncapped,0.03,500,0.65,99.65249525359371,0.274765438361607,196585653.6174109,79.40568212639002,20.246813127203694,approve_all
2.0,tiered_uncapped,0.03,500,0.75,99.30160021697857,0.24671973177903056,192415866.91523466,79.40568212639002,19.89591809058855,approve_all
2.0,tiered_uncapped,0.03,500,0.85,98.88544209384324,0.22057726282625392,188461727.41532332,79.40568212639002,19.47975996745322,interior
2.0,tiered_uncapped,0.06,0,0.55,99.98262476267969,0.35869491589356783,248358380.3803232,79.40568212639002,20.576942636289672,approve_all
2.0,tiered_uncapped,0.06,0,0.65,99.84192771901274,0.31254117337771387,243921382.17698348,79.40568212639002,20.436245592622726,approve_all
2.0,tiered_uncapped,0.06,0,0.75,99.67410835367508,0.27699065327471334,239585522.91936994,79.40568212639002,20.26842622728506,approve_all
2.0,tiered_uncapped,0.06,0,0.85,99.33253661513426,0.2484849013251689,235406460.57831097,79.40568212639002,19.92685448874424,approve_all
2.0,tiered_uncapped,0.06,250,0.55,99.87413547599675,0.32142044833693567,189407480.71807155,79.40568212639002,20.468453349606733,approve_all
2.0,tiered_uncapped,0.06,250,0.65,99.65419039869813,0.2749714261205849,185062578.7644462,79.40568212639002,20.248508272308115,approve_all
2.0,tiered_uncapped,0.06,250,0.75,99.30160021697857,0.24671973177903056,180888997.27915144,79.40568212639002,19.89591809058855,approve_all
2.0,tiered_uncapped,0.06,250,0.85,98.88544209384324,0.22057726282625392,176937710.9401399,79.40568212639002,19.47975996745322,interior
2.0,tiered_uncapped,0.06,500,0.55,99.65249525359371,0.274765438361607,130539954.87063812,79.40568212639002,20.246813127203694,approve_all
2.0,tiered_uncapped,0.06,500,0.65,99.25413615405479,0.24328416481248866,126372916.50743383,79.40568212639002,19.848454027664772,approve_all
2.0,tiered_uncapped,0.06,500,0.75,98.81212706807703,0.21551989296070007,122450309.87133428,79.40568212639002,19.406444941687013,interior
2.0,tiered_uncapped,0.06,500,0.85,98.45233251966368,0.19568838705582417,118728420.20872955,79.40568212639002,19.046650393273666,interior
2.0,tiered_cap_24,0.0,0,0.55,99.98262476267969,0.35869491589356783,369627230.04746115,79.40568212639002,20.576942636289672,approve_all
2.0,tiered_cap_24,0.0,0,0.65,99.84192771901274,0.31254117337771387,365247820.8194158,79.40568212639002,20.436245592622726,approve_all
2.0,tiered_cap_24,0.0,0,0.75,99.67410835367508,0.27699065327471334,360967756.2709907,79.40568212639002,20.26842622728506,approve_all
2.0,tiered_cap_24,0.0,0,0.85,99.33253661513426,0.2484849013251689,356841620.9603027,79.40568212639002,19.92685448874424,approve_all
2.0,tiered_cap_24,0.0,250,0.55,99.87413547599675,0.32142044833693567,310676907.57006174,79.40568212639002,20.468453349606733,approve_all
2.0,tiered_cap_24,0.0,250,0.65,99.65249525359371,0.274765438361607,306390304.69023186,79.40568212639002,20.246813127203694,approve_all
2.0,tiered_cap_24,0.0,250,0.75,99.30160021697857,0.24671973177903056,302273376.0693685,79.40568212639002,19.89591809058855,approve_all
2.0,tiered_cap_24,0.0,250,0.85,98.88544209384324,0.22057726282625392,298375386.57354295,79.40568212639002,19.47975996745322,interior
2.0,tiered_cap_24,0.0,500,0.55,99.65249525359371,0.274765438361607,251813183.11555913,79.40568212639002,20.246813127203694,approve_all
2.0,tiered_cap_24,0.0,500,0.65,99.25328858150257,0.24325345252554292,247707546.89662343,79.40568212639002,19.847606455112555,approve_all
2.0,tiered_cap_24,0.0,500,0.75,98.78500474640629,0.21421089986608702,243843124.98521972,79.40568212639002,19.379322620016268,interior
2.0,tiered_cap_24,0.0,500,0.85,98.45233251966368,0.19568838705582417,240173374.10154077,79.40568212639002,19.046650393273666,interior
2.0,tiered_cap_24,0.03,0,0.55,99.87413547599675,0.32142044833693567,299350578.29194653,79.40568212639002,20.468453349606733,approve_all
2.0,tiered_cap_24,0.03,0,0.65,99.69063601844317,0.27924990890682166,295056180.578835,79.40568212639002,20.284953892053153,approve_all
2.0,tiered_cap_24,0.03,0,0.75,99.30160021697857,0.24671973177903056,290930470.3667677,79.40568212639002,19.89591809058855,approve_all
2.0,tiered_cap_24,0.03,0,0.85,98.88883238405208,0.22089838197002706,287030689.9784364,79.40568212639002,19.48315025766206,interior
2.0,tiered_cap_24,0.03,250,0.55,99.65419039869813,0.2749714261205849,240477852.14480117,79.40568212639002,20.248508272308115,approve_all
2.0,tiered_cap_24,0.03,250,0.65,99.25328858150257,0.24325345252554292,236363994.03389952,79.40568212639002,19.847606455112555,approve_all
2.0,tiered_cap_24,0.03,250,0.75,98.78500474640629,0.21421089986608702,232498525.0598777,79.40568212639002,19.379322620016268,interior
2.0,tiered_cap_24,0.03,250,0.85,98.45233251966368,0.19568838705582417,228833163.61058864,79.40568212639002,19.046650393273666,interior
2.0,tiered_cap_24,0.03,500,0.55,99.16005560075942,0.2376470949848626,181802575.51750243,79.40568212639002,19.7543734743694,approve_all
2.0,tiered_cap_24,0.03,500,0.65,98.73584553837809,0.21162372527381473,177975907.09779263,79.40568212639002,19.330163411988067,interior
2.0,tiered_cap_24,0.03,500,0.75,98.27222335231896,0.18630000191858367,174372746.1047967,79.40568212639002,18.86654122592894,interior
2.0,tiered_cap_24,0.03,500,0.85,97.80648223487931,0.1664899996500903,170945406.72770622,79.40568212639002,18.400800108489292,interior
2.0,tiered_cap_24,0.06,0,0.55,99.7173345538378,0.28228985856101996,229145512.04541007,79.40568212639002,20.311652427447783,approve_all
2.0,tiered_cap_24,0.06,0,0.65,99.26896867371848,0.2443119635984379,225020569.24272755,79.40568212639002,19.863286547328457,approve_all
2.0,tiered_cap_24,0.06,0,0.75,98.80831299159208,0.21527889347457418,221154110.98153055,79.40568212639002,19.402630865202056,interior
2.0,tiered_cap_24,0.06,0,0.85,98.38791700569568,0.19237060694063945,217495589.85399622,79.40568212639002,18.982234879305665,interior
2.0,tiered_cap_24,0.06,250,0.55,99.18929685381069,0.23963299148275735,170457144.01403582,79.40568212639002,19.78361472742067,approve_all
2.0,tiered_cap_24,0.06,250,0.65,98.70151885001356,0.20958837301322605,166632705.744798,79.40568212639002,19.295836723623538,interior
2.0,tiered_cap_24,0.06,250,0.75,98.23789666395443,0.18475441068950108,163037286.97184703,79.40568212639002,18.83221453756441,interior
2.0,tiered_cap_24,0.06,250,0.85,97.80648223487931,0.1664899996500903,159628097.09782904,79.40568212639002,18.400800108489292,interior
2.0,tiered_cap_24,0.06,500,0.55,98.4540276647681,0.19579051882712978,112129734.48190771,79.40568212639002,19.048345538378086,interior
2.0,tiered_cap_24,0.06,500,0.65,98.08999525359371,0.1780885926010982,108609051.98615186,79.40568212639002,18.684313127203694,interior
2.0,tiered_cap_24,0.06,500,0.75,97.50389883374017,0.15476234610023992,105302312.07441127,79.40568212639002,18.098216707350147,interior
2.0,tiered_cap_24,0.06,500,0.85,96.93517765120694,0.13524599338657095,102183030.69996281,79.40568212639002,17.529495524816923,interior
2.0,flat_18,0.0,0,0.55,99.7173345538378,0.28228985856101996,400198308.3720293,79.40568212639002,20.311652427447783,approve_all
2.0,flat_18,0.0,0,0.65,99.26896867371848,0.2443119635984379,396142323.21741235,79.40568212639002,19.863286547328457,approve_all
2.0,flat_18,0.0,0,0.75,98.80831299159208,0.21527889347457418,392339834.57027054,79.40568212639002,19.402630865202056,interior
2.0,flat_18,0.0,0,0.85,98.38791700569568,0.19237060694063945,388741211.8218007,79.40568212639002,18.982234879305665,interior
2.0,flat_18,0.0,250,0.55,99.16005560075942,0.2376470949848626,341513449.95513654,79.40568212639002,19.7543734743694,approve_all
2.0,flat_18,0.0,250,0.65,98.70151885001356,0.20958837301322605,337757615.9938736,79.40568212639002,19.295836723623538,interior
2.0,flat_18,0.0,250,0.75,98.23789666395443,0.18475441068950108,334226284.48768973,79.40568212639002,18.83221453756441,interior
2.0,flat_18,0.0,250,0.85,97.7335909953892,0.16345156057002655,330877364.7448624,79.40568212639002,18.327908868999188,interior
2.0,flat_18,0.0,500,0.55,98.4540276647681,0.19579051882712978,283199202.029533,79.40568212639002,19.048345538378086,interior
2.0,flat_18,0.0,500,0.65,97.94124627068076,0.1717495901932518,279746611.4662086,79.40568212639002,18.535564144290746,interior
2.0,flat_18,0.0,500,0.75,97.3687110116626,0.1500334603789497,276505497.82130855,79.40568212639002,17.96302888527258,interior
2.0,flat_18,0.0,500,0.85,96.93517765120694,0.13524599338657095,273447955.654616,79.40568212639002,17.529495524816923,interior
2.0,flat_18,0.03,0,0.55,99.2143002441009,0.2410888133630592,329792399.8204788,79.40568212639002,19.80861811771088,approve_all
2.0,flat_18,0.03,0,0.65,98.6727013832384,0.20782648231560552,326033585.6000523,79.40568212639002,19.267019256848386,interior
2.0,flat_18,0.03,0,0.75,98.19339910496339,0.18263599731820035,322504818.84338295,79.40568212639002,18.78771697857337,interior
2.0,flat_18,0.03,0,0.85,97.72172497965826,0.16285832934289904,319170536.0874743,79.40568212639002,18.316042853268243,interior
2.0,flat_18,0.03,250,0.55,98.4540276647681,0.19579051882712978,271474123.53091055,79.40568212639002,19.048345538378086,interior
2.0,flat_18,0.03,250,0.65,97.94124627068076,0.1717495901932518,268032655.99098706,79.40568212639002,18.535564144290746,interior
2.0,flat_18,0.03,250,0.75,97.3687110116626,0.1500334603789497,264808274.4904168,79.40568212639002,17.96302888527258,interior
2.0,flat_18,0.03,250,0.85,96.93517765120694,0.13524599338657095,261762031.71888244,79.40568212639002,17.529495524816923,interior
2.0,flat_18,0.03,500,0.55,97.50389883374017,0.15476234610023992,213625196.0060651,79.40568212639002,18.098216707350147,interior
2.0,flat_18,0.03,500,0.65,96.93517765120694,0.13524599338657095,210555346.53295162,79.40568212639002,17.529495524816923,interior
2.0,flat_18,0.03,500,0.75,96.47197925142392,0.12016645205747314,207639762.36059707,79.40568212639002,17.0662971250339,interior
2.0,flat_18,0.03,500,0.85,96.03081773799838,0.10750620607629205,204855185.72571957,79.40568212639002,16.625135611608357,interior
2.0,flat_18,0.06,0,0.55,98.48877813940874,0.1976318302534885,259749412.07915205,79.40568212639002,19.083096013018718,interior
2.0,flat_18,0.06,0,0.65,97.89335842148088,0.16975436311605238,256319496.05222374,79.40568212639002,18.487676295090864,interior
2.0,flat_18,0.06,0,0.75,97.3292988879848,0.14875931465286643,253111519.51977286,79.40568212639002,17.923616761594786,interior
2.0,flat_18,0.06,0,0.85,96.85423447247085,0.1323819919070215,250078679.2198278,79.40568212639002,17.44855234608083,interior
2.0,flat_18,0.06,250,0.55,97.50389883374017,0.15476234610023992,201924098.37475827,79.40568212639002,18.098216707350147,interior
2.0,flat_18,0.06,250,0.65,96.91059804719283,0.13436109691095968,198869694.9868171,79.40568212639002,17.504915920802816,interior
2.0,flat_18,0.06,250,0.75,96.32068755085436,0.1160853746352287,195980898.9310019,79.40568212639002,16.91500542446434,interior
2.0,flat_18,0.06,250,0.85,95.95241727691891,0.1056073003553882,193217158.5991534,79.40568212639002,16.54673515052889,interior
2.0,flat_18,0.06,500,0.55,96.24482980743151,0.11400624195924697,144793591.05480874,79.40568212639002,16.839147681041496,interior
2.0,flat_18,0.06,500,0.65,95.5303261459181,0.09650209608785662,142075083.4267319,79.40568212639002,16.124644019528077,interior
2.0,flat_18,0.06,500,0.75,94.82429820992677,0.08523906177958548,139514219.14919868,79.40568212639002,15.418616083536747,interior
2.0,flat_18,0.06,500,0.85,94.21913140764849,0.07737760835621901,137100823.08730903,79.40568212639002,14.813449281258471,interior
2.0,flat_24,0.0,0,0.55,99.98262476267969,0.35869491589356783,553693757.5849787,79.40568212639002,20.576942636289672,approve_all
2.0,flat_24,0.0,0,0.65,99.84192771901274,0.31254117337771387,549295006.1886184,79.40568212639002,20.436245592622726,approve_all
2.0,flat_24,0.0,0,0.75,99.67410835367508,0.27699065327471334,544995599.4718755,79.40568212639002,20.26842622728506,approve_all
2.0,flat_24,0.0,0,0.85,99.33253661513426,0.2484849013251689,540850121.9928657,79.40568212639002,19.92685448874424,approve_all
2.0,flat_24,0.0,250,0.55,99.87413547599675,0.32142044833693567,494743435.10757697,79.40568212639002,20.468453349606733,approve_all
2.0,flat_24,0.0,250,0.65,99.65249525359371,0.274765438361607,490437490.0594234,79.40568212639002,20.246813127203694,approve_all
2.0,flat_24,0.0,250,0.75,99.30160021697857,0.24671973177903056,486301219.2702415,79.40568212639002,19.89591809058855,approve_all
2.0,flat_24,0.0,250,0.85,98.88544209384324,0.22057726282625392,482383887.6061051,79.40568212639002,19.47975996745322,interior
2.0,flat_24,0.0,500,0.55,99.65249525359371,0.274765438361607,435879710.6530758,79.40568212639002,20.246813127203694,approve_all
2.0,flat_24,0.0,500,0.65,99.25328858150257,0.24325345252554292,431754732.26581335,79.40568212639002,19.847606455112555,approve_all
2.0,flat_24,0.0,500,0.75,98.78500474640629,0.21421089986608702,427870968.1860952,79.40568212639002,19.379322620016268,interior
2.0,flat_24,0.0,500,0.85,98.45233251966368,0.19568838705582417,424181875.1341066,79.40568212639002,19.046650393273666,interior
2.0,flat_24,0.03,0,0.55,99.87413547599675,0.32142044833693567,481450172.86790156,79.40568212639002,20.468453349606733,approve_all
2.0,flat_24,0.03,0,0.65,99.69063601844317,0.27924990890682166,477136432.9864678,79.40568212639002,20.284953892053153,approve_all
2.0,flat_24,0.03,0,0.75,99.30160021697857,0.24671973177903056,472991380.6060934,79.40568212639002,19.89591809058855,approve_all
2.0,flat_24,0.03,0,0.85,98.88883238405208,0.22089838197002706,469072258.049446,79.40568212639002,19.48315025766206,interior
2.0,flat_24,0.03,250,0.55,99.65419039869813,0.2749714261205849,422577446.7207524,79.40568212639002,20.248508272308115,approve_all
2.0,flat_24,0.03,250,0.65,99.25328858150257,0.24325345252554292,418444246.44152975,79.40568212639002,19.847606455112555,approve_all
2.0,flat_24,0.03,250,0.75,98.78500474640629,0.21421089986608702,414559435.29920244,79.40568212639002,19.379322620016268,interior
2.0,flat_24,0.03,250,0.85,98.45233251966368,0.19568838705582417,410874731.68159455,79.40568212639002,19.046650393273666,interior
2.0,flat_24,0.03,500,0.55,99.16005560075942,0.2376470949848626,363902170.09346217,79.40568212639002,19.7543734743694,approve_all
2.0,flat_24,0.03,500,0.65,98.73584553837809,0.21162372527381473,360056159.50542694,79.40568212639002,19.330163411988067,interior
2.0,flat_24,0.03,500,0.75,98.27222335231896,0.18630000191858367,356433656.3441268,79.40568212639002,18.86654122592894,interior
2.0,flat_24,0.03,500,0.85,97.80648223487931,0.1664899996500903,352986974.79870677,79.40568212639002,18.400800108489292,interior
2.0,flat_24,0.06,0,0.55,99.7173345538378,0.28228985856101996,409278173.6598141,79.40568212639002,20.311652427447783,approve_all
2.0,flat_24,0.06,0,0.65,99.26896867371848,0.2443119635984379,405133888.68881696,79.40568212639002,19.863286547328457,approve_all
2.0,flat_24,0.06,0,0.75,98.80831299159208,0.21527889347457418,401248088.25929964,79.40568212639002,19.402630865202056,interior
2.0,flat_24,0.06,0,0.85,98.38791700569568,0.19237060694063945,397570224.96344215,79.40568212639002,18.982234879305665,interior
2.0,flat_24,0.06,250,0.55,99.18929685381069,0.23963299148275735,350589805.6284398,79.40568212639002,19.78361472742067,approve_all
2.0,flat_24,0.06,250,0.65,98.70151885001356,0.20958837301322605,346746025.19089043,79.40568212639002,19.295836723623538,interior
2.0,flat_24,0.06,250,0.75,98.23789666395443,0.18475441068950108,343131264.2496135,79.40568212639002,18.83221453756441,interior
2.0,flat_24,0.06,250,0.85,97.80648223487931,0.1664899996500903,339702732.2072779,79.40568212639002,18.400800108489292,interior
2.0,flat_24,0.06,500,0.55,98.4540276647681,0.19579051882712978,292262396.09631026,79.40568212639002,19.048345538378086,interior
2.0,flat_24,0.06,500,0.65,98.08999525359371,0.1780885926010982,288722371.4322369,79.40568212639002,18.684313127203694,interior
2.0,flat_24,0.06,500,0.75,97.50389883374017,0.15476234610023992,285396289.35217845,79.40568212639002,18.098216707350147,interior
2.0,flat_24,0.06,500,0.85,96.93517765120694,0.13524599338657095,282257665.80941015,79.40568212639002,17.529495524816923,interior
3.0,tiered_uncapped,0.0,0,0.55,99.7334384323298,0.42763641536414443,407644532.0543162,79.40568212639002,20.327756305939786,approve_all
3.0,tiered_uncapped,0.0,0,0.65,99.36093029563331,0.3753642552759555,401432950.0234501,79.40568212639002,19.95524816924329,approve_all
3.0,tiered_uncapped,0.0,0,0.75,98.91807363710333,0.3342059613708221,395557481.2777545,79.40568212639002,19.512391510713314,interior
3.0,tiered_uncapped,0.0,0,0.85,98.542175210198,0.30109135620771643,389970198.56945163,79.40568212639002,19.136493083807977,interior
3.0,tiered_uncapped,0.0,250,0.55,99.45882492541361,0.3864982061943742,348880530.67644274,79.40568212639002,20.05314279902359,approve_all
3.0,tiered_uncapped,0.0,250,0.65,98.98418429617575,0.3403849074967572,342925284.18781805,79.40568212639002,19.578502169785736,interior
3.0,tiered_uncapped,0.0,250,0.75,98.61803295362083,0.306798837818591,337295240.22951365,79.40568212639002,19.212350827230807,interior
3.0,tiered_uncapped,0.0,250,0.85,98.22518307567128,0.276271049462078,331937120.21327055,79.40568212639002,18.819500949281263,interior
3.0,tiered_uncapped,0.0,500,0.55,99.11937211825332,0.35296815738978515,290312047.15902084,79.40568212639002,19.713689991863305,approve_all
3.0,tiered_uncapped,0.0,500,0.65,98.68499118524545,0.31284309697426904,284629835.6029088,79.40568212639002,19.279309058855432,interior
3.0,tiered_uncapped,0.0,500,0.75,98.23789666395443,0.2771316160342516,279254041.8600091,79.40568212639002,18.83221453756441,interior
3.0,tiered_uncapped,0.0,500,0.85,97.80648223487931,0.24973499947513544,274123305.90449077,79.40568212639002,18.400800108489292,interior
3.0,tiered_uncapped,0.03,0,0.55,99.52069772172499,0.394197977927633,337547395.01909274,79.40568212639002,20.115015595334967,approve_all
3.0,tiered_uncapped,0.03,0,0.65,99.03122457282343,0.34475018730767676,331557881.3099056,79.40568212639002,19.625542446433414,approve_all
3.0,tiered_uncapped,0.03,0,0.75,98.61040480065094,0.3060179532510383,325912382.9696439,79.40568212639002,19.20472267426092,interior
3.0,tiered_uncapped,0.03,0,0.85,98.2111981285598,0.2750711285130838,320539402.4869063,79.40568212639002,18.80551600216978,interior
3.0,tiered_uncapped,0.03,250,0.55,99.11937211825332,0.35296815738978515,278948181.1407045,79.40568212639002,19.713689991863305,approve_all
3.0,tiered_uncapped,0.03,250,0.65,98.68499118524545,0.31284309697426904,273246335.38517505,79.40568212639002,19.279309058855432,interior
3.0,tiered_uncapped,0.03,250,0.75,98.23789666395443,0.2771316160342516,267855977.22276467,79.40568212639002,18.83221453756441,interior
3.0,tiered_uncapped,0.03,250,0.85,97.80648223487931,0.24973499947513544,262724540.60721794,79.40568212639002,18.400800108489292,interior
3.0,tiered_uncapped,0.03,500,0.55,98.73584553837809,0.31743558791072213,220588739.35117462,79.40568212639002,19.330163411988067,interior
3.0,tiered_uncapped,0.03,500,0.65,98.23789666395443,0.2771316160342516,215173182.29401878,79.40568212639002,18.83221453756441,interior
3.0,tiered_uncapped,0.03,500,0.75,97.80648223487931,0.24973499947513544,210041191.2648991,79.40568212639002,18.400800108489292,interior
3.0,tiered_uncapped,0.03,500,0.85,97.3687110116626,0.22505019056842457,205172524.0381167,79.40568212639002,17.96302888527258,interior
3.0,tiered_uncapped,0.06,0,0.55,99.18336384594521,0.3588005392178939,267586982.86351994,79.40568212639002,19.77768171955519,approve_all
3.0,tiered_uncapped,0.06,0,0.65,98.68329604014103,0.312722790861212,261862838.741721,79.40568212639002,19.27761391375101,interior
3.0,tiered_uncapped,0.06,0,0.75,98.2349301600217,0.2769762547425523,256457920.15489396,79.40568212639002,18.829248033631686,interior
3.0,tiered_uncapped,0.06,0,0.85,97.78359777596962,0.24849351940142925,251326160.39893097,79.40568212639002,18.377915649579606,interior
3.0,tiered_uncapped,0.06,250,0.55,98.73584553837809,0.31743558791072213,209206117.28512415,79.40568212639002,19.330163411988067,interior
3.0,tiered_uncapped,0.06,250,0.65,98.27222335231896,0.2794500028778755,203775201.071096,79.40568212639002,18.86654122592894,interior
3.0,tiered_uncapped,0.06,250,0.75,97.7335909953892,0.24517734085503984,198642640.80975586,79.40568212639002,18.327908868999188,interior
3.0,tiered_uncapped,0.06,250,0.85,97.33014646053702,0.22317134744604802,193777447.47842193,79.40568212639002,17.924464334147004,interior
3.0,tiered_uncapped,0.06,500,0.55,98.27222335231896,0.2794500028778755,151093577.50191873,79.40568212639002,18.86654122592894,interior
3.0,tiered_uncapped,0.06,500,0.65,97.7335909953892,0.24517734085503984,145960690.38297772,79.40568212639002,18.327908868999188,interior
3.0,tiered_uncapped,0.06,500,0.75,97.19156834825061,0.21539849156208177,141126263.9364445,79.40568212639002,17.785886221860594,interior
3.0,tiered_uncapped,0.06,500,0.85,96.86271019799295,0.19900037180403413,136532348.1863151,79.40568212639002,17.457028071602934,interior
3.0,tiered_cap_24,0.0,0,0.55,99.18336384594521,0.3588005392178939,380893034.78313947,79.40568212639002,19.77768171955519,approve_all
3.0,tiered_cap_24,0.0,0,0.65,98.68329604014103,0.312722790861212,375248434.94609636,79.40568212639002,19.27761391375101,interior
3.0,tiered_cap_24,0.0,0,0.75,98.2349301600217,0.2769762547425523,369917443.59616715,79.40568212639002,18.829248033631686,interior
3.0,tiered_cap_24,0.0,0,0.85,97.78359777596962,0.24849351940142925,364854654.5154428,79.40568212639002,18.377915649579606,interior
3.0,tiered_cap_24,0.0,250,0.55,98.73584553837809,0.31743558791072213,322514506.709605,79.40568212639002,19.330163411988067,interior
3.0,tiered_cap_24,0.0,250,0.65,98.23789666395443,0.2771316160342516,317163149.2882735,79.40568212639002,18.83221453756441,interior
3.0,tiered_cap_24,0.0,250,0.75,97.7335909953892,0.24517734085503984,312105107.11738867,79.40568212639002,18.327908868999188,interior
3.0,tiered_cap_24,0.0,250,0.85,97.3195518036344,0.22256144090206811,307308517.3137727,79.40568212639002,17.913869677244378,interior
3.0,tiered_cap_24,0.0,500,0.55,98.27222335231896,0.2794500028778755,264409356.3153664,79.40568212639002,18.86654122592894,interior
3.0,tiered_cap_24,0.0,500,0.65,97.7335909953892,0.24517734085503984,259357099.8144495,79.40568212639002,18.327908868999188,interior
3.0,tiered_cap_24,0.0,500,0.75,97.19156834825061,0.21539849156208177,254598144.56946003,79.40568212639002,17.785886221860594,interior
3.0,tiered_cap_24,0.0,500,0.85,96.79109031733117,0.19521727494576385,250070865.3171153,79.40568212639002,17.38540819094115,interior
3.0,tiered_cap_24,0.03,0,0.55,98.78966639544345,0.32159917098612767,311384613.5085309,79.40568212639002,19.38398426905343,interior
3.0,tiered_cap_24,0.03,0,0.65,98.26883306211012,0.2792804071400085,306011678.52615845,79.40568212639002,18.8631509357201,interior
3.0,tiered_cap_24,0.03,0,0.75,97.75478030919447,0.2467137260539432,300948638.3308902,79.40568212639002,18.349098182804454,interior
3.0,tiered_cap_24,0.03,0,0.85,97.28649647409819,0.2209158099254112,296151311.83432335,79.40568212639002,17.880814347708167,interior
3.0,tiered_cap_24,0.03,250,0.55,98.27222335231896,0.2794500028778755,253258165.15956512,79.40568212639002,18.86654122592894,interior
3.0,tiered_cap_24,0.03,250,0.65,97.7335909953892,0.24517734085503984,248200426.90705007,79.40568212639002,18.327908868999188,interior
3.0,tiered_cap_24,0.03,250,0.75,97.19156834825061,0.21539849156208177,243441953.63130268,79.40568212639002,17.785886221860594,interior
3.0,tiered_cap_24,0.03,250,0.85,96.73896460537021,0.19303900956071957,238917101.4473356,79.40568212639002,17.333282478980195,interior
3.0,tiered_cap_24,0.03,500,0.55,97.62213520477353,0.23856295550902903,195454178.05641863,79.40568212639002,18.21645307838351,interior
3.0,tiered_cap_24,0.03,500,0.65,96.99535530241388,0.20598728090024943,190754084.42341435,79.40568212639002,17.589673176023865,interior
3.0,tiered_cap_24,0.03,500,0.75,96.54571806346624,0.18389883983464048,186296762.58557427,79.40568212639002,17.14003593707622,interior
3.0,tiered_cap_24,0.03,500,0.85,96.10328519121236,0.16439143032353287,182029076.7233034,79.40568212639002,16.697603064822346,interior
3.0,tiered_cap_24,0.06,0,0.55,98.31163547599675,0.28236638371919304,242107638.20239472,79.40568212639002,18.905953349606733,interior
3.0,tiered_cap_24,0.06,0,0.65,97.72214876593436,0.24432137267955822,237043851.6468529,79.40568212639002,18.316466639544345,interior
3.0,tiered_cap_24,0.06,0,0.75,97.18944941687009,0.21522591426202592,232285766.8360782,79.40568212639002,17.78376729048007,interior
3.0,tiered_cap_24,0.06,0,0.85,96.72709858963927,0.19235145694908418,227765010.1225282,79.40568212639002,17.32141646324925,interior
3.0,tiered_cap_24,0.06,250,0.55,97.6606997558991,0.24057076173084407,184297226.3165575,79.40568212639002,18.255017629509084,interior
3.0,tiered_cap_24,0.06,250,0.65,96.99535530241388,0.20598728090024943,179594101.13853267,79.40568212639002,17.589673176023865,interior
3.0,tiered_cap_24,0.06,250,0.75,96.54571806346624,0.18389883983464048,175144291.97626656,79.40568212639002,17.14003593707622,interior
3.0,tiered_cap_24,0.06,250,0.85,96.10328519121236,0.16439143032353287,170888633.6814232,79.40568212639002,16.697603064822346,interior
3.0,tiered_cap_24,0.06,500,0.55,96.93517765120694,0.20286899007985643,126925677.02724178,79.40568212639002,17.529495524816923,interior
3.0,tiered_cap_24,0.06,500,0.65,96.24482980743151,0.17100936293887045,122559828.60620359,79.40568212639002,16.839147681041496,interior
3.0,tiered_cap_24,0.06,500,0.75,95.85070857065365,0.15466981492785128,118389520.00130744,79.40568212639002,16.445026444263632,interior
3.0,tiered_cap_24,0.06,500,0.85,95.29385340385137,0.1383762421142631,114417173.36258951,79.40568212639002,15.888171277461353,interior
3.0,flat_18,0.0,0,0.55,98.31163547599675,0.28236638371919304,387231500.4490444,79.40568212639002,18.905953349606733,interior
3.0,flat_18,0.0,0,0.65,97.72214876593436,0.24432137267955822,382257245.4531561,79.40568212639002,18.316466639544345,interior
3.0,flat_18,0.0,0,0.75,97.18944941687009,0.21522591426202592,377582808.323813,79.40568212639002,17.78376729048007,interior
3.0,flat_18,0.0,0,0.85,96.72709858963927,0.19235145694908418,373141030.9112185,79.40568212639002,17.32141646324925,interior
3.0,flat_18,0.0,250,0.55,97.62213520477353,0.23856295550902903,329425272.9682697,79.40568212639002,18.21645307838351,interior
3.0,flat_18,0.0,250,0.65,96.99535530241388,0.20598728090024943,324812015.7971474,79.40568212639002,17.589673176023865,interior
3.0,flat_18,0.0,250,0.75,96.54571806346624,0.18389883983464048,320445054.8179848,79.40568212639002,17.14003593707622,interior
3.0,flat_18,0.0,250,0.85,96.10328519121236,0.16439143032353287,316268338.67005384,79.40568212639002,16.697603064822346,interior
3.0,flat_18,0.0,500,0.55,96.91059804719283,0.20154164536643954,272065691.307716,79.40568212639002,17.504915920802816,interior
3.0,flat_18,0.0,500,0.65,96.24482980743151,0.17100936293887045,267791782.39765865,79.40568212639002,16.839147681041496,interior
3.0,flat_18,0.0,500,0.75,95.85070857065365,0.15466981492785128,263702920.74713415,79.40568212639002,16.445026444263632,interior
3.0,flat_18,0.0,500,0.85,95.29385340385137,0.1383762421142631,259811939.5425478,79.40568212639002,15.888171277461353,interior
3.0,flat_18,0.03,0,0.55,97.67002305397342,0.24109148866650834,318147698.91677666,79.40568212639002,18.264340927583405,interior
3.0,flat_18,0.03,0,0.65,97.03391985353946,0.20783071583562307,313524043.8247658,79.40568212639002,17.62823772714944,interior
3.0,flat_18,0.03,0,0.75,96.52240981828045,0.1826020043458288,309159022.6985422,79.40568212639002,17.116727691890432,interior
3.0,flat_18,0.03,0,0.85,96.06556821263901,0.16285862008206714,304989206.94698673,79.40568212639002,16.65988608624899,interior
3.0,flat_18,0.03,250,0.55,96.86271019799295,0.19900037180403413,260776133.4057267,79.40568212639002,17.457028071602934,interior
3.0,flat_18,0.03,250,0.65,96.24482980743151,0.17100936293887045,256508756.20480126,79.40568212639002,16.839147681041496,interior
3.0,flat_18,0.03,250,0.75,95.67949891510713,0.14936637748128329,252436438.31301835,79.40568212639002,16.273816788717113,interior
3.0,flat_18,0.03,250,0.85,95.2726640900461,0.13776365734485357,248564791.73828086,79.40568212639002,15.866981963656087,interior
3.0,flat_18,0.03,500,0.55,96.03081773799838,0.1612593091144381,203916353.2781342,79.40568212639002,16.625135611608357,interior
3.0,flat_18,0.03,500,0.65,95.29385340385137,0.1383762421142631,200004254.64731893,79.40568212639002,15.888171277461353,interior
3.0,flat_18,0.03,500,0.75,94.46450366151342,0.12060985839968005,196316898.60704365,79.40568212639002,15.0588215351234,interior
3.0,flat_18,0.03,500,0.85,93.6283733387578,0.10678677794137922,192835254.88353327,79.40568212639002,14.222691212367778,interior
3.0,flat_18,0.06,0,0.55,96.83855438025495,0.19762895446108203,249488678.65739366,79.40568212639002,17.43287225386493,interior
3.0,flat_18,0.06,0,0.65,96.21431719555194,0.16975915891026533,245226077.57579938,79.40568212639002,16.808635069161923,interior
3.0,flat_18,0.06,0,0.75,95.66593775427177,0.14876533754373694,241179801.6282874,79.40568212639002,16.260255627881747,interior
3.0,flat_18,0.06,0,0.85,95.04975250881475,0.13238989517701685,237332781.02955547,79.40568212639002,15.64407038242473,interior
3.0,flat_18,0.06,250,0.55,95.85070857065365,0.15466981492785128,192644994.5597471,79.40568212639002,16.445026444263632,interior
3.0,flat_18,0.06,250,0.65,95.07560347165717,0.1330337994815102,188757980.12545037,79.40568212639002,15.669921345267156,interior
3.0,flat_18,0.06,250,0.75,94.33228234336859,0.11826439663977073,185123955.79836717,79.40568212639002,14.92660021697857,interior
3.0,flat_18,0.06,250,0.85,93.48047192839707,0.10472163115940822,181697600.9170562,79.40568212639002,14.074789802007047,interior
3.0,flat_18,0.06,500,0.55,94.21913140764849,0.11606641253432852,136569600.2678112,79.40568212639002,14.813449281258471,interior
3.0,flat_18,0.06,500,0.65,92.851996880933,0.09641897422313268,133245975.55087963,79.40568212639002,13.446314754542982,interior
3.0,flat_18,0.06,500,0.75,91.88915446162191,0.08591003847752562,130140016.21295695,79.40568212639002,12.483472335231895,interior
3.0,flat_18,0.06,500,0.85,90.91020816381882,0.07740443350608467,127274470.59997387,79.40568212639002,11.504526037428803,interior
3.0,flat_24,0.0,0,0.55,99.18336384594521,0.3588005392178939,538142118.8106759,79.40568212639002,19.77768171955519,approve_all
3.0,flat_24,0.0,0,0.65,98.68329604014103,0.312722790861212,532478750.4965026,79.40568212639002,19.27761391375101,interior
3.0,flat_24,0.0,0,0.75,98.2349301600217,0.2769762547425523,527128990.66945,79.40568212639002,18.829248033631686,interior
3.0,flat_24,0.0,0,0.85,97.78359777596962,0.24849351940142925,522047433.1115911,79.40568212639002,18.377915649579606,interior
3.0,flat_24,0.0,250,0.55,98.73584553837809,0.31743558791072213,479763590.73713195,79.40568212639002,19.330163411988067,interior
3.0,flat_24,0.0,250,0.65,98.23789666395443,0.2771316160342516,474393464.83867496,79.40568212639002,18.83221453756441,interior
3.0,flat_24,0.0,250,0.75,97.7335909953892,0.24517734085503984,469316654.1906703,79.40568212639002,18.327908868999188,interior
3.0,flat_24,0.0,250,0.85,97.3195518036344,0.22256144090206811,464501295.90992814,79.40568212639002,17.913869677244378,interior
3.0,flat_24,0.0,500,0.55,98.27222335231896,0.2794500028778755,421658440.3428839,79.40568212639002,18.86654122592894,interior
3.0,flat_24,0.0,500,0.65,97.7335909953892,0.24517734085503984,416587415.36485004,79.40568212639002,18.327908868999188,interior
3.0,flat_24,0.0,500,0.75,97.19156834825061,0.21539849156208177,411809691.6427426,79.40568212639002,17.785886221860594,interior
3.0,flat_24,0.0,500,0.85,96.79109031733117,0.19521727494576385,407263643.9132717,79.40568212639002,17.38540819094115,interior
3.0,flat_24,0.03,0,0.55,98.78966639544345,0.32159917098612767,466956012.56882125,79.40568212639002,19.38398426905343,interior
3.0,flat_24,0.03,0,0.65,98.26883306211012,0.2792804071400085,461564309.1093253,79.40568212639002,18.8631509357201,interior
3.0,flat_24,0.03,0,0.75,97.75478030919447,0.2467137260539432,456482500.43694335,79.40568212639002,18.349098182804454,interior
3.0,flat_24,0.03,0,0.85,97.28649647409819,0.2209158099254112,451666405.4632506,79.40568212639002,17.880814347708167,interior
3.0,flat_24,0.03,250,0.55,98.27222335231896,0.2794500028778755,408829564.2198523,79.40568212639002,18.86654122592894,interior
3.0,flat_24,0.03,250,0.65,97.7335909953892,0.24517734085503984,403753057.49022084,79.40568212639002,18.327908868999188,interior
3.0,flat_24,0.03,250,0.75,97.19156834825061,0.21539849156208177,398975815.7373462,79.40568212639002,17.785886221860594,interior
3.0,flat_24,0.03,250,0.85,96.73896460537021,0.19303900956071957,394432195.0762606,79.40568212639002,17.333282478980195,interior
3.0,flat_24,0.03,500,0.55,97.62213520477353,0.23856295550902903,351025577.1167106,79.40568212639002,18.21645307838351,interior
3.0,flat_24,0.03,500,0.65,96.99535530241388,0.20598728090024943,346306715.00658673,79.40568212639002,17.589673176023865,interior
3.0,flat_24,0.03,500,0.75,96.54571806346624,0.18389883983464048,341830624.69161135,79.40568212639002,17.14003593707622,interior
3.0,flat_24,0.03,500,0.85,96.10328519121236,0.16439143032353287,337544170.3522304,79.40568212639002,16.697603064822346,interior
3.0,flat_24,0.06,0,0.55,98.31163547599675,0.28236638371919304,396001352.2954537,79.40568212639002,18.905953349606733,interior
3.0,flat_24,0.06,0,0.65,97.72214876593436,0.24432137267955822,390918797.2627751,79.40568212639002,18.316466639544345,interior
3.0,flat_24,0.06,0,0.75,97.18944941687009,0.21522591426202592,386141943.9748927,79.40568212639002,17.78376729048007,interior
3.0,flat_24,0.06,0,0.85,96.72709858963927,0.19235145694908418,381602418.784209,79.40568212639002,17.32141646324925,interior
3.0,flat_24,0.06,250,0.55,97.6606997558991,0.24057076173084407,338190940.4096216,79.40568212639002,18.255017629509084,interior
3.0,flat_24,0.06,250,0.65,96.99535530241388,0.20598728090024943,333469046.7544604,79.40568212639002,17.589673176023865,interior
3.0,flat_24,0.06,250,0.75,96.54571806346624,0.18389883983464048,329000469.1150682,79.40568212639002,17.14003593707622,interior
3.0,flat_24,0.06,250,0.85,96.10328519121236,0.16439143032353287,324726042.34310716,79.40568212639002,16.697603064822346,interior
3.0,flat_24,0.06,500,0.55,96.93517765120694,0.20286899007985643,280819391.1203027,79.40568212639002,17.529495524816923,interior
3.0,flat_24,0.06,500,0.65,96.24482980743151,0.17100936293887045,276434774.2221368,79.40568212639002,16.839147681041496,interior
3.0,flat_24,0.06,500,0.75,95.85070857065365,0.15466981492785128,272245697.14011097,79.40568212639002,16.445026444263632,interior
3.0,flat_24,0.06,500,0.85,95.29385340385137,0.1383762421142631,268254582.02427253,79.40568212639002,15.888171277461353,interior
5.0,tiered_uncapped,0.0,0,0.55,97.9268375372932,0.42767714684666774,425686262.17304164,79.40568212639002,18.521155410903177,interior
5.0,tiered_uncapped,0.0,0,0.65,97.37337266069976,0.37538440754382946,417637786.1851659,79.40568212639002,17.96769053430974,interior
5.0,tiered_uncapped,0.0,0,0.75,96.88983251966368,0.33423228758167495,410001522.667787,79.40568212639002,17.484150393273666,interior
5.0,tiered_uncapped,0.0,0,0.85,96.48045497694602,0.3010784964586412,402682436.82154346,79.40568212639002,17.074772850556002,interior
5.0,tiered_uncapped,0.0,250,0.55,97.50601776512069,0.3870657218114129,368036372.4049533,79.40568212639002,18.10033563873067,interior
5.0,tiered_uncapped,0.0,250,0.65,96.93687279631136,0.3382695515490614,360318241.6641342,79.40568212639002,17.531190669921344,interior
5.0,tiered_uncapped,0.0,250,0.75,96.53258068890698,0.30535737869718343,352955576.5077199,79.40568212639002,17.126898562516956,interior
5.0,tiered_uncapped,0.0,250,0.85,96.10328519121236,0.2739857172058881,345882066.0232724,79.40568212639002,16.697603064822346,interior
5.0,tiered_uncapped,0.0,500,0.55,96.99535530241388,0.343312134833749,310641322.906566,79.40568212639002,17.589673176023865,interior
5.0,tiered_uncapped,0.0,500,0.65,96.54571806346624,0.30649806639106747,303232572.3336732,79.40568212639002,17.14003593707622,interior
5.0,tiered_uncapped,0.0,500,0.75,96.10328519121236,0.2739857172058881,296141786.5592016,79.40568212639002,16.697603064822346,interior
5.0,tiered_uncapped,0.0,500,0.85,95.67949891510713,0.2489439624688055,289293557.46395963,79.40568212639002,16.273816788717113,interior
5.0,tiered_uncapped,0.03,0,0.55,97.59119880661784,0.3942159287350219,357027256.4579424,79.40568212639002,18.18551668022782,interior
5.0,tiered_uncapped,0.03,0,0.65,97.01315432601031,0.3445705847251412,349263550.1225963,79.40568212639002,17.60747219962029,interior
5.0,tiered_uncapped,0.03,0,0.75,96.54190398698128,0.3061467145662577,341879443.2014793,79.40568212639002,17.136221860591263,interior
5.0,tiered_uncapped,0.03,0,0.85,96.11811771087605,0.27524724027492525,334792329.08873683,79.40568212639002,16.71243558448603,interior
5.0,tiered_uncapped,0.03,250,0.55,97.10723487930566,0.351743455763966,299591985.1362,79.40568212639002,17.701552752915646,interior
5.0,tiered_uncapped,0.03,250,0.65,96.56436465961487,0.30811277736650583,292156818.1039738,79.40568212639002,17.158682533224848,interior
5.0,tiered_uncapped,0.03,250,0.75,96.10328519121236,0.2739857172058881,285051866.5353335,79.40568212639002,16.697603064822346,interior
5.0,tiered_uncapped,0.03,250,0.85,95.67949891510713,0.2489439624688055,278209229.4166575,79.40568212639002,16.273816788717113,interior
5.0,tiered_uncapped,0.03,500,0.55,96.60674328722538,0.3116043586040748,242435255.3874536,79.40568212639002,17.201061160835366,interior
5.0,tiered_uncapped,0.03,500,0.65,96.10328519121236,0.2739857172058881,235311587.07127643,79.40568212639002,16.697603064822346,interior
5.0,tiered_uncapped,0.03,500,0.75,95.55829604014103,0.24248005978824674,228465554.95401347,79.40568212639002,16.15261391375101,interior
5.0,tiered_uncapped,0.03,500,0.85,95.14679956604286,0.22429115731519628,221924512.4146406,79.40568212639002,15.74111743965284,interior
5.0,tiered_uncapped,0.06,0,0.55,97.18944941687009,0.3587098571033765,288554814.5727563,79.40568212639002,17.78376729048007,interior
5.0,tiered_uncapped,0.06,0,0.65,96.61945687550855,0.31268329192089617,281084226.5959512,79.40568212639002,17.213774749118528,interior
5.0,tiered_uncapped,0.06,0,0.75,96.14057838350963,0.27699688283719237,273962879.67094886,79.40568212639002,16.734896257119615,interior
5.0,tiered_uncapped,0.06,0,0.85,95.67314212096555,0.24836296427684545,267124941.84617072,79.40568212639002,16.267459994575532,interior
5.0,tiered_uncapped,0.06,250,0.55,96.67582045023055,0.31681882680747003,231365629.18619898,79.40568212639002,17.270138323840527,interior
5.0,tiered_uncapped,0.06,250,0.65,96.15880119338216,0.27897339640338686,224222384.16151732,79.40568212639002,16.75311906699214,interior
5.0,tiered_uncapped,0.06,250,0.75,95.61593097369135,0.2453190615710178,217380667.00706327,79.40568212639002,16.21024884730133,interior
5.0,tiered_uncapped,0.06,250,0.85,95.07560347165717,0.22172299913585033,210848240.31743854,79.40568212639002,15.669921345267156,interior
5.0,tiered_uncapped,0.06,500,0.55,96.16176769731489,0.2792103419898605,174482273.672345,79.40568212639002,16.756085570924867,interior
5.0,tiered_uncapped,0.06,500,0.65,95.5303261459181,0.24125524021964156,167641929.72001323,79.40568212639002,16.124644019528077,interior
5.0,tiered_uncapped,0.06,500,0.75,94.89549430431245,0.2152705178050645,161144044.8538505,79.40568212639002,15.489812177922431,interior
5.0,tiered_uncapped,0.06,500,0.85,94.33228234336859,0.1971073277329512,154993197.52549073,79.40568212639002,14.92660021697857,interior
5.0,tiered_cap_24,0.0,0,0.55,97.18944941687009,0.3587098571033765,389568006.1944271,79.40568212639002,17.78376729048007,interior
5.0,tiered_cap_24,0.0,0,0.65,96.61945687550855,0.31268329192089617,382208808.8894672,79.40568212639002,17.213774749118528,interior
5.0,tiered_cap_24,0.0,0,0.75,96.14057838350963,0.27699688283719237,375192683.7634381,79.40568212639002,16.734896257119615,interior
5.0,tiered_cap_24,0.0,0,0.85,95.67314212096555,0.24836296427684545,368454806.0752644,79.40568212639002,16.267459994575532,interior
5.0,tiered_cap_24,0.0,250,0.55,96.67582045023055,0.31681882680747003,332381577.9362413,79.40568212639002,17.270138323840527,interior
5.0,tiered_cap_24,0.0,250,0.65,96.15880119338216,0.27897339640338686,325349402.36715984,79.40568212639002,16.75311906699214,interior
5.0,tiered_cap_24,0.0,250,0.75,95.6036411716843,0.24472453337082806,318613806.4055812,79.40568212639002,16.197959045294283,interior
5.0,tiered_cap_24,0.0,250,0.85,95.07560347165717,0.22172299913585033,312181667.29207927,79.40568212639002,15.669921345267156,interior
5.0,tiered_cap_24,0.0,500,0.55,96.10328519121236,0.2739857172058881,275506807.555712,79.40568212639002,16.697603064822346,interior
5.0,tiered_cap_24,0.0,500,0.65,95.5303261459181,0.24125524021964156,268779939.42750967,79.40568212639002,16.124644019528077,interior
5.0,tiered_cap_24,0.0,500,0.75,94.83955451586655,0.21354083025840628,262390583.0694832,79.40568212639002,15.433872389476534,interior
5.0,tiered_cap_24,0.0,500,0.85,94.33228234336859,0.1971073277329512,256338912.92143753,79.40568212639002,14.92660021697857,interior
5.0,tiered_cap_24,0.03,0,0.55,96.73769324654191,0.3215888066600856,321657140.7405341,79.40568212639002,17.33201112015189,interior
5.0,tiered_cap_24,0.03,0,0.65,96.16176769731489,0.2792103419898605,314596470.94687957,79.40568212639002,16.756085570924867,interior
5.0,tiered_cap_24,0.03,0,0.75,95.64347708163818,0.24671233793395075,307859157.0560119,79.40568212639002,16.237794955248162,interior
5.0,tiered_cap_24,0.03,0,0.85,95.05695687550855,0.22088036080032836,301429344.37836486,79.40568212639002,15.651274749118528,interior
5.0,tiered_cap_24,0.03,250,0.55,96.16176769731489,0.2792103419898605,264753591.85504964,79.40568212639002,16.756085570924867,interior
5.0,tiered_cap_24,0.03,250,0.65,95.55829604014103,0.24248005978824674,258021807.42032737,79.40568212639002,16.15261391375101,interior
5.0,tiered_cap_24,0.03,250,0.75,94.89549430431245,0.2152705178050645,251638232.931314,79.40568212639002,15.489812177922431,interior
5.0,tiered_cap_24,0.03,250,0.85,94.21913140764849,0.19344402089054752,245596834.46865088,79.40568212639002,14.813449281258471,interior
5.0,tiered_cap_24,0.03,500,0.55,95.51930770273935,0.24075316988297832,208190015.6658918,79.40568212639002,16.113625576349335,interior
5.0,tiered_cap_24,0.03,500,0.65,94.67682058584215,0.20818959181300467,201869200.6975387,79.40568212639002,15.271138459452132,interior
5.0,tiered_cap_24,0.03,500,0.75,94.01995185787904,0.18779972125925404,195916735.8229094,79.40568212639002,14.614269731489017,interior
5.0,tiered_cap_24,0.03,500,0.85,93.07109438567942,0.16538117244332548,190319365.95684475,79.40568212639002,13.665412259289397,interior
5.0,tiered_cap_24,0.06,0,0.55,96.20584147002984,0.2823452181612087,254001717.57451367,79.40568212639002,16.80015934363982,interior
5.0,tiered_cap_24,0.06,0,0.65,95.5951654461622,0.24433439221004047,247264976.3878807,79.40568212639002,16.18948331977218,interior
5.0,tiered_cap_24,0.06,0,0.75,94.89634187686465,0.2152802520779226,240886556.10335127,79.40568212639002,15.490659750474634,interior
5.0,tiered_cap_24,0.06,0,0.85,94.18268578790344,0.19236467899966994,234857150.5286538,79.40568212639002,14.777003661513419,interior
5.0,tiered_cap_24,0.06,250,0.55,95.51930770273935,0.24075316988297832,197431613.46282423,79.40568212639002,16.113625576349335,interior
5.0,tiered_cap_24,0.06,250,0.65,94.67682058584215,0.20818959181300467,191118079.84233204,79.40568212639002,15.271138459452132,interior
5.0,tiered_cap_24,0.06,250,0.75,93.89196840249525,0.18438925992890765,185188216.94471973,79.40568212639002,14.486286276105233,interior
5.0,tiered_cap_24,0.06,250,0.85,93.07109438567942,0.16538117244332548,179620322.24003258,79.40568212639002,13.665412259289397,interior
5.0,tiered_cap_24,0.06,500,0.55,94.51451044209384,0.20276847152298302,141376429.17393482,79.40568212639002,15.108828315703818,interior
5.0,tiered_cap_24,0.06,500,0.65,93.53514035801464,0.17586875544206418,135579883.86142826,79.40568212639002,14.129458231624625,interior
5.0,tiered_cap_24,0.06,500,0.75,92.50533970707893,0.15398892209607826,130186725.7416718,79.40568212639002,13.099657580688913,interior
5.0,tiered_cap_24,0.06,500,0.85,91.52130797396256,0.1373655091072145,125122919.19933447,79.40568212639002,12.115625847572545,interior
5.0,flat_18,0.0,0,0.55,96.20584147002984,0.2823452181612087,366536207.4692386,79.40568212639002,16.80015934363982,interior
5.0,flat_18,0.0,0,0.65,95.5951654461622,0.24433439221004047,359925859.8187385,79.40568212639002,16.18948331977218,interior
5.0,flat_18,0.0,0,0.75,94.89634187686465,0.2152802520779226,353666911.31561965,79.40568212639002,15.490659750474634,interior
5.0,flat_18,0.0,0,0.85,94.18268578790344,0.19236467899966994,347750109.1747835,79.40568212639002,14.777003661513419,interior
5.0,flat_18,0.0,250,0.55,95.51930770273935,0.24075316988297832,309970343.4258783,79.40568212639002,16.113625576349335,interior
5.0,flat_18,0.0,250,0.65,94.67682058584215,0.20818959181300467,303784744.8567112,79.40568212639002,15.271138459452132,interior
5.0,flat_18,0.0,250,0.75,93.89196840249525,0.18438925992890765,297974791.06392694,79.40568212639002,14.486286276105233,interior
5.0,flat_18,0.0,250,0.85,93.07109438567942,0.16538117244332548,292519997.01097673,79.40568212639002,13.665412259289397,interior
5.0,flat_18,0.0,500,0.55,94.33228234336859,0.1971073277329512,253934438.58941677,79.40568212639002,14.92660021697857,interior
5.0,flat_18,0.0,500,0.65,93.36562584757255,0.1718893094472877,248268272.61872396,79.40568212639002,13.959943721182526,interior
5.0,flat_18,0.0,500,0.75,92.50533970707893,0.15398892209607826,242998677.39486316,79.40568212639002,13.099657580688913,interior
5.0,flat_18,0.0,500,0.85,91.38654393816111,0.13526526276672765,238054288.48278725,79.40568212639002,11.980861811771092,interior
5.0,flat_18,0.03,0,0.55,95.52651206943314,0.2410831747791645,299403520.5513257,79.40568212639002,16.12082994304312,interior
5.0,flat_18,0.03,0,0.65,94.66834486032005,0.2078565325639516,293215351.55713874,79.40568212639002,15.262662733930028,interior
5.0,flat_18,0.03,0,0.75,93.83263832384053,0.18264491484766135,287423032.8117177,79.40568212639002,14.426956197450508,interior
5.0,flat_18,0.03,0,0.85,92.96133374016816,0.16286858129433618,281985600.4626443,79.40568212639002,13.555651613778139,interior
5.0,flat_18,0.03,250,0.55,94.33228234336859,0.1971073277329512,243367190.5044531,79.40568212639002,14.92660021697857,interior
5.0,flat_18,0.03,250,0.65,93.36562584757255,0.1718893094472877,237727771.82363266,79.40568212639002,13.959943721182526,interior
5.0,flat_18,0.03,250,0.75,92.36209994575536,0.15138254800699807,232490747.63276768,79.40568212639002,12.956417819365342,interior
5.0,flat_18,0.03,250,0.85,91.38654393816111,0.13526526276672765,227596325.2461602,79.40568212639002,11.980861811771092,interior
5.0,flat_18,0.03,500,0.55,92.79902359641986,0.15967389702250828,188160930.23106426,79.40568212639002,13.393341470029839,interior
5.0,flat_18,0.03,500,0.65,91.38654393816111,0.13526526276672765,183176514.29015565,79.40568212639002,11.980861811771092,interior
5.0,flat_18,0.03,500,0.75,90.2372355573637,0.1208349823705928,178609487.81295684,79.40568212639002,10.831553430973685,interior
5.0,flat_18,0.03,500,0.85,88.85018307567128,0.10676939361383439,174365127.3990782,79.40568212639002,9.444500949281263,interior
5.0,flat_18,0.06,0,0.55,94.35601437483048,0.19763216101922235,232800018.45660284,79.40568212639002,14.95033224844046,interior
5.0,flat_18,0.06,0,0.65,93.27705451586655,0.16976273070394837,227188780.46041465,79.40568212639002,13.871372389476534,interior
5.0,flat_18,0.06,0,0.75,92.22225047464063,0.14875614470797427,221987878.6218307,79.40568212639002,12.816568348250613,interior
5.0,flat_18,0.06,0,0.85,91.17253186872796,0.13238930124343679,217145146.45897165,79.40568212639002,11.76684974233794,interior
5.0,flat_18,0.06,250,0.55,92.50533970707893,0.15398892209607826,177632066.69991657,79.40568212639002,13.099657580688913,interior
5.0,flat_18,0.06,250,0.65,90.98733726606997,0.1299737442873158,172719465.5874395,79.40568212639002,11.581655139679953,interior
5.0,flat_18,0.06,250,0.75,90.03000406834825,0.1183932423407485,168218868.95958954,79.40568212639002,10.624321941958229,interior
5.0,flat_18,0.06,250,0.85,88.64507051803635,0.10502939339961309,164073131.9871122,79.40568212639002,9.23938839164633,interior
5.0,flat_18,0.06,500,0.55,89.77191822620016,0.11576220546074908,123818004.6776863,79.40568212639002,10.366236099810138,interior
5.0,flat_18,0.06,500,0.65,87.89200230539734,0.09851540113759277,119825363.7527784,79.40568212639002,8.486320179007322,interior
5.0,flat_18,0.06,500,0.75,86.20024749118525,0.08604462485258217,116244000.10847373,79.40568212639002,6.794565364795233,interior
5.0,flat_18,0.06,500,0.85,84.73098047192839,0.0766480532442391,112939775.58781753,79.40568212639002,5.325298345538371,interior
5.0,flat_24,0.0,0,0.55,97.18944941687009,0.3587098571033765,513007684.79370725,79.40568212639002,17.78376729048007,interior
5.0,flat_24,0.0,0,0.65,96.61945687550855,0.31268329192089617,505631639.6494226,79.40568212639002,17.213774749118528,interior
5.0,flat_24,0.0,0,0.75,96.14057838350963,0.27699688283719237,498598666.6840917,79.40568212639002,16.734896257119615,interior
5.0,flat_24,0.0,0,0.85,95.67314212096555,0.24836296427684545,491843941.15659946,79.40568212639002,16.267459994575532,interior
5.0,flat_24,0.0,250,0.55,96.67582045023055,0.31681882680747003,455821256.53552204,79.40568212639002,17.270138323840527,interior
5.0,flat_24,0.0,250,0.65,96.15880119338216,0.27897339640338686,448772233.1271163,79.40568212639002,16.75311906699214,interior
5.0,flat_24,0.0,250,0.75,95.6036411716843,0.24472453337082806,442019789.3262301,79.40568212639002,16.197959045294283,interior
5.0,flat_24,0.0,250,0.85,95.07560347165717,0.22172299913585033,435570802.3734114,79.40568212639002,15.669921345267156,interior
5.0,flat_24,0.0,500,0.55,96.10328519121236,0.2739857172058881,398946486.1549933,79.40568212639002,16.697603064822346,interior
5.0,flat_24,0.0,500,0.65,95.5303261459181,0.24125524021964156,392202770.1874601,79.40568212639002,16.124644019528077,interior
5.0,flat_24,0.0,500,0.75,94.83955451586655,0.21354083025840628,385796565.99013525,79.40568212639002,15.433872389476534,interior
5.0,flat_24,0.0,500,0.85,94.33228234336859,0.1971073277329512,379728048.0027725,79.40568212639002,14.92660021697857,interior
5.0,flat_24,0.03,0,0.55,96.73769324654191,0.3215888066600856,443782284.2562054,79.40568212639002,17.33201112015189,interior
5.0,flat_24,0.03,0,0.65,96.16176769731489,0.2792103419898605,436704766.6232384,79.40568212639002,16.756085570924867,interior
5.0,flat_24,0.03,0,0.75,95.64347708163818,0.24671233793395075,429950604.8930476,79.40568212639002,16.237794955248162,interior
5.0,flat_24,0.03,0,0.85,95.05695687550855,0.22088036080032836,423503944.3760862,79.40568212639002,15.651274749118528,interior
5.0,flat_24,0.03,250,0.55,96.16176769731489,0.2792103419898605,386878735.370723,79.40568212639002,16.756085570924867,interior
5.0,flat_24,0.03,250,0.65,95.55829604014103,0.24248005978824674,380130103.0966848,79.40568212639002,16.15261391375101,interior
5.0,flat_24,0.03,250,0.75,94.89549430431245,0.2152705178050645,373729680.76834905,79.40568212639002,15.489812177922431,interior
5.0,flat_24,0.03,250,0.85,94.21913140764849,0.19344402089054752,367671434.46637964,79.40568212639002,14.813449281258471,interior
5.0,flat_24,0.03,500,0.55,95.51930770273935,0.24075316988297832,330315159.1815684,79.40568212639002,16.113625576349335,interior
5.0,flat_24,0.03,500,0.65,94.67682058584215,0.20818959181300467,323977496.3738889,79.40568212639002,15.271138459452132,interior
5.0,flat_24,0.03,500,0.75,94.01995185787904,0.18779972125925404,318008183.6599526,79.40568212639002,14.614269731489017,interior
5.0,flat_24,0.03,500,0.85,93.07109438567942,0.16538117244332548,312393965.9545728,79.40568212639002,13.665412259289397,interior
5.0,flat_24,0.06,0,0.55,96.20584147002984,0.2823452181612087,374812326.0065863,79.40568212639002,16.80015934363982,interior
5.0,flat_24,0.06,0,0.65,95.5951654461622,0.24433439221004047,368058736.98062974,79.40568212639002,16.18948331977218,interior
5.0,flat_24,0.06,0,0.75,94.89634187686465,0.2152802520779226,361663468.85678643,79.40568212639002,15.490659750474634,interior
5.0,flat_24,0.06,0,0.85,94.18268578790344,0.19236467899966994,355617215.4427702,79.40568212639002,14.777003661513419,interior
5.0,flat_24,0.06,250,0.55,95.51930770273935,0.24075316988297832,318242221.89489275,79.40568212639002,16.113625576349335,interior
5.0,flat_24,0.06,250,0.65,94.67682058584215,0.20818959181300467,311911840.435082,79.40568212639002,15.271138459452132,interior
5.0,flat_24,0.06,250,0.75,93.89196840249525,0.18438925992890765,305965129.69815296,79.40568212639002,14.486286276105233,interior
5.0,flat_24,0.06,250,0.85,93.07109438567942,0.16538117244332548,300380387.15414786,79.40568212639002,13.665412259289397,interior
5.0,flat_24,0.06,500,0.55,94.51451044209384,0.20276847152298302,262187037.60600394,79.40568212639002,15.108828315703818,interior
5.0,flat_24,0.06,500,0.65,93.53514035801464,0.17586875544206418,256373644.45418376,79.40568212639002,14.129458231624625,interior
5.0,flat_24,0.06,500,0.75,92.50533970707893,0.15398892209607826,250963638.49511328,79.40568212639002,13.099657580688913,interior
5.0,flat_24,0.06,500,0.85,91.52130797396256,0.1373655091072145,245882984.113449,79.40568212639002,12.115625847572545,interior
