,aid,cid,act_days,act_paid_installments,act_utl,act_dueutl,act_due,act_age,act_cc,act_dueinc,act_loaninc,app_income,app_loan_amount,app_n_installments,act_seniority,app_nom_branch,app_nom_gender,app_nom_job_code,app_number_of_children,app_nom_marital_status,app_nom_city,app_nom_home_status,app_nom_cars,app_spendings,fin_period,status,coll_status,period,act_cus_seniority,act_cus_n_loans_hist,act_cus_n_statC,act_cus_n_statB,act_cus_n_loans_act,act_cus_utl,act_cus_dueutl,act_cus_cc,agr12_Mean_Due,agr12_Max_Due,agr12_Min_Due,agr12_Mean_Days,agr12_Max_Days,agr12_Min_Days,agr12_Mean_CMax_Days,agr12_Max_CMax_Days,agr12_Min_CMax_Days,agr12_Mean_CMax_Due,agr12_Max_CMax_Due,agr12_Min_CMax_Due,ags12_Mean_Due,ags12_Max_Due,ags12_Min_Due,ags12_Mean_Days,ags12_Max_Days,ags12_Min_Days,ags12_Mean_CMax_Days,ags12_Max_CMax_Days,ags12_Min_CMax_Days,ags12_Mean_CMax_Due,ags12_Max_CMax_Due,ags12_Min_CMax_Due,agr9_Mean_Due,agr9_Max_Due,agr9_Min_Due,agr9_Mean_Days,agr9_Max_Days,agr9_Min_Days,agr9_Mean_CMax_Days,agr9_Max_CMax_Days,agr9_Min_CMax_Days,agr9_Mean_CMax_Due,agr9_Max_CMax_Due,agr9_Min_CMax_Due,ags9_Mean_Due,ags9_Max_Due,ags9_Min_Due,ags9_Mean_Days,ags9_Max_Days,ags9_Min_Days,ags9_Mean_CMax_Days,ags9_Max_CMax_Days,ags9_Min_CMax_Days,ags9_Mean_CMax_Due,ags9_Max_CMax_Due,ags9_Min_CMax_Due,agr6_Mean_Due,agr6_Max_Due,agr6_Min_Due,agr6_Mean_Days,agr6_Max_Days,agr6_Min_Days,agr6_Mean_CMax_Days,agr6_Max_CMax_Days,agr6_Min_CMax_Days,agr6_Mean_CMax_Due,agr6_Max_CMax_Due,agr6_Min_CMax_Due,ags6_Mean_Due,ags6_Max_Due,ags6_Min_Due,ags6_Mean_Days,ags6_Max_Days,ags6_Min_Days,ags6_Mean_CMax_Days,ags6_Max_CMax_Days,ags6_Min_CMax_Days,ags6_Mean_CMax_Due,ags6_Max_CMax_Due,ags6_Min_CMax_Due,agr3_Mean_Due,agr3_Max_Due,agr3_Min_Due,agr3_Mean_Days,agr3_Max_Days,agr3_Min_Days,agr3_Mean_CMax_Days,agr3_Max_CMax_Days,agr3_Min_CMax_Days,agr3_Mean_CMax_Due,agr3_Max_CMax_Due,agr3_Min_CMax_Due,ags3_Mean_Due,ags3_Max_Due,ags3_Min_Due,ags3_Mean_Days,ags3_Max_Days,ags3_Min_Days,ags3_Mean_CMax_Days,ags3_Max_CMax_Days,ags3_Min_CMax_Days,ags3_Mean_CMax_Due,ags3_Max_CMax_Due,ags3_Min_CMax_Due,scorem,score
0,ins202406030001,0000000067,12,1,0.0416666666666666,0.0,0,69,0.6030199707744763,0.0,4.231855820750122,2053,8688,24,0,1,0,4,2,3,2,3,1,876,202406,1,1,202407,0,2,0,0,2,15.083333333333334,0.0,0.7793472966390648,0.0,0,0,28.5,30,27,28.5,30,27,0.0,0,0,,,,,,,,,,,,,0.0,0,0,28.5,30,27,28.5,30,27,0.0,0,0,,,,,,,,,,,,,0.0,0,0,28.5,30,27,28.5,30,27,0.0,0,0,,,,,,,,,,,,,0.0,0,0,28.5,30,27,28.5,30,27,0.0,0,0,,,,,,,,,,,,,0.2239680148448806,0.3483342781462532
1,ins202405180002,0000000036,9,2,0.1666666666666666,0.0,0,55,0.3943217665615142,0.0,0.8977016674177557,2219,1992,12,-2,1,1,3,0,4,1,3,1,709,202405,1,1,202407,-2,3,0,0,3,13.833333333333334,0.0,0.5439387111311401,0.0,0,0,27.333333333333332,30,24,27.333333333333332,30,24,0.0,0,0,,,,,,,,,,,,,0.0,0,0,27.333333333333332,30,24,27.333333333333332,30,24,0.0,0,0,,,,,,,,,,,,,0.0,0,0,27.333333333333332,30,24,27.333333333333332,30,24,0.0,0,0,,,,,,,,,,,,,0.0,0,0,27.333333333333332,30,24,27.333333333333332,30,24,0.0,0,0,0.0,0.0,0.0,27.333333333333332,30.0,24.0,27.333333333333332,30.0,24.0,0.0,0.0,0.0,-1.0536568457676747,-0.11634070096759641
2,ins202406080001,0000000077,13,1,0.0833333333333333,0.0,0,63,0.3735437805336339,0.0,0.6629086809470124,2661,1764,12,0,2,1,3,3,4,4,2,2,847,202406,1,1,202407,0,2,0,0,2,12.25,0.0,0.4287861706125517,0.0,0,0,29.0,30,28,29.0,30,28,0.0,0,0,,,,,,,,,,,,,0.0,0,0,29.0,30,28,29.0,30,28,0.0,0,0,,,,,,,,,,,,,0.0,0,0,29.0,30,28,29.0,30,28,0.0,0,0,,,,,,,,,,,,,0.0,0,0,29.0,30,28,29.0,30,28,0.0,0,0,,,,,,,,,,,,,0.7777867308933877,0.74548292185654
3,ins202406240002,0000000110,14,1,0.0833333333333333,0.0,0,64,0.4630665920537213,0.0,1.0072747621712368,3574,3600,12,0,3,1,2,0,2,4,3,2,1355,202406,1,1,202407,0,2,0,0,2,25.0,0.0,0.547006155567991,0.0,0,0,29.5,30,29,29.5,30,29,0.0,0,0,,,,,,,,,,,,,0.0,0,0,29.5,30,29,29.5,30,29,0.0,0,0,,,,,,,,,,,,,0.0,0,0,29.5,30,29,29.5,30,29,0.0,0,0,,,,,,,,,,,,,0.0,0,0,29.5,30,29,29.5,30,29,0.0,0,0,,,,,,,,,,,,,-0.22793703300811485,-0.4490409876285787
4,ins202406080002,0000000078,14,1,0.0833333333333333,0.0,0,65,0.5420435510887772,0.0,0.9969849246231156,2985,2976,12,0,2,1,4,0,3,1,3,2,1370,202406,1,1,202407,0,2,0,0,2,20.666666666666668,0.0,0.6251256281407035,0.0,0,0,29.5,30,29,29.5,30,29,0.0,0,0,,,,,,,,,,,,,0.0,0,0,29.5,30,29,29.5,30,29,0.0,0,0,,,,,,,,,,,,,0.0,0,0,29.5,30,29,29.5,30,29,0.0,0,0,,,,,,,,,,,,,0.0,0,0,29.5,30,29,29.5,30,29,0.0,0,0,,,,,,,,,,,,,0.8984644762683978,0.7779596549130646
5,ins202406290002,0000000120,11,1,0.0416666666666666,0.0,0,51,0.6461016949152543,0.0,1.4969491525423728,1475,2208,24,0,3,1,4,0,4,2,3,2,861,202406,1,1,202407,0,2,0,0,2,3.8333333333333335,0.0,0.7084745762711865,0.0,0,0,28.0,30,26,28.0,30,26,0.0,0,0,,,,,,,,,,,,,0.0,0,0,28.0,30,26,28.0,30,26,0.0,0,0,,,,,,,,,,,,,0.0,0,0,28.0,30,26,28.0,30,26,0.0,0,0,,,,,,,,,,,,,0.0,0,0,28.0,30,26,28.0,30,26,0.0,0,0,,,,,,,,,,,,,1.7867566010501572,0.5356790708919286
6,ins202406200001,0000000101,13,1,0.0416666666666666,0.0,0,65,0.5307692307692308,0.0,3.402197802197802,910,3096,24,0,3,1,4,0,2,2,3,2,354,202406,1,1,202407,0,2,0,0,2,5.375,0.0,0.6725274725274726,0.0,0,0,29.0,30,28,29.0,30,28,0.0,0,0,,,,,,,,,,,,,0.0,0,0,29.0,30,28,29.0,30,28,0.0,0,0,,,,,,,,,,,,,0.0,0,0,29.0,30,28,29.0,30,28,0.0,0,0,,,,,,,,,,,,,0.0,0,0,29.0,30,28,29.0,30,28,0.0,0,0,,,,,,,,,,,,,0.2627310858140769,0.18454184925096773
7,ins202406130001,0000000087,9,1,0.0833333333333333,0.0,0,60,0.6094808126410836,0.0,2.139954853273138,886,1896,12,0,2,0,4,0,2,3,3,2,382,202406,1,1,202407,0,2,0,0,2,13.166666666666666,0.0,0.7878103837471784,0.0,0,0,27.0,30,24,27.0,30,24,0.0,0,0,,,,,,,,,,,,,0.0,0,0,27.0,30,24,27.0,30,24,0.0,0,0,,,,,,,,,,,,,0.0,0,0,27.0,30,24,27.0,30,24,0.0,0,0,,,,,,,,,,,,,0.0,0,0,27.0,30,24,27.0,30,24,0.0,0,0,,,,,,,,,,,,,0.1787159186235741,1.660557361830775
8,ins202406170001,0000000095,11,1,0.0833333333333333,0.0,0,49,0.5176125244618396,0.0,0.4042493709812692,7154,2892,12,0,2,1,2,1,4,2,3,2,3462,202406,1,1,202407,0,2,0,0,2,20.08333333333333,0.0,0.5512999720436119,0.0,0,0,28.0,30,26,28.0,30,26,0.0,0,0,,,,,,,,,,,,,0.0,0,0,28.0,30,26,28.0,30,26,0.0,0,0,,,,,,,,,,,,,0.0,0,0,28.0,30,26,28.0,30,26,0.0,0,0,,,,,,,,,,,,,0.0,0,0,28.0,30,26,28.0,30,26,0.0,0,0,,,,,,,,,,,,,0.9699373588170603,1.2693295142172076
9,ins202405070002,0000000014,14,2,0.1666666666666666,0.0,0,65,0.4928253339930727,0.0,1.87629886194953,2021,3792,12,-2,2,1,4,0,4,3,3,1,680,202405,1,1,202407,-2,3,0,0,3,26.33333333333333,0.0,0.805541810984661,0.0,0,0,27.666666666666668,30,24,27.666666666666668,30,24,0.0,0,0,,,,,,,,,,,,,0.0,0,0,27.666666666666668,30,24,27.666666666666668,30,24,0.0,0,0,,,,,,,,,,,,,0.0,0,0,27.666666666666668,30,24,27.666666666666668,30,24,0.0,0,0,,,,,,,,,,,,,0.0,0,0,27.666666666666668,30,24,27.666666666666668,30,24,0.0,0,0,0.0,0.0,0.0,27.666666666666668,30.0,24.0,27.666666666666668,30.0,24.0,0.0,0.0,0.0,0.3144798675597863,-0.3389738841966269
10,ins202406270001,0000000115,13,1,0.0833333333333333,0.0,0,51,0.3748870822041554,0.0,0.3859078590785907,5535,2136,12,0,3,1,2,1,2,2,2,2,1897,202406,1,1,202407,0,2,0,0,2,14.833333333333334,0.0,0.4070460704607046,0.0,0,0,29.0,30,28,29.0,30,28,0.0,0,0,,,,,,,,,,,,,0.0,0,0,29.0,30,28,29.0,30,28,0.0,0,0,,,,,,,,,,,,,0.0,0,0,29.0,30,28,29.0,30,28,0.0,0,0,,,,,,,,,,,,,0.0,0,0,29.0,30,28,29.0,30,28,0.0,0,0,,,,,,,,,,,,,-0.8150170155477219,-0.13146440567800433
11,ins202406110002,0000000084,8,1,0.0416666666666666,0.0,0,64,0.4682405845980888,0.0,0.7082630691399663,3558,2520,24,0,1,0,3,2,4,4,3,2,1561,202406,1,1,202407,0,2,0,0,2,4.375,0.0,0.497751545812254,0.0,0,0,26.5,30,23,26.5,30,23,0.0,0,0,,,,,,,,,,,,,0.0,0,0,26.5,30,23,26.5,30,23,0.0,0,0,,,,,,,,,,,,,0.0,0,0,26.5,30,23,26.5,30,23,0.0,0,0,,,,,,,,,,,,,0.0,0,0,26.5,30,23,26.5,30,23,0.0,0,0,,,,,,,,,,,,,0.3140996370212822,1.0788036743849865
12,ins202406170002,0000000096,10,1,0.0833333333333333,0.0,0,54,0.4788970174451322,0.0,0.8846370287000562,1777,1572,12,0,3,1,1,1,4,3,3,2,720,202406,1,1,202407,0,2,0,0,2,10.916666666666666,0.0,0.5526167698368036,0.0,0,0,27.5,30,25,27.5,30,25,0.0,0,0,,,,,,,,,,,,,0.0,0,0,27.5,30,25,27.5,30,25,0.0,0,0,,,,,,,,,,,,,0.0,0,0,27.5,30,25,27.5,30,25,0.0,0,0,,,,,,,,,,,,,0.0,0,0,27.5,30,25,27.5,30,25,0.0,0,0,,,,,,,,,,,,,-0.23791193875964967,0.7108171288448637
13,ins202405230002,0000000046,12,2,0.1666666666666666,0.0,0,54,0.6587908269631688,0.0,1.054899235580264,2878,3036,12,-2,2,0,3,2,4,3,3,2,1643,202405,1,1,202407,-2,3,0,0,3,21.08333333333333,0.0,0.8346073662265462,0.0,0,0,28.0,30,27,28.0,30,27,0.0,0,0,,,,,,,,,,,,,0.0,0,0,28.0,30,27,28.0,30,27,0.0,0,0,,,,,,,,,,,,,0.0,0,0,28.0,30,27,28.0,30,27,0.0,0,0,,,,,,,,,,,,,0.0,0,0,28.0,30,27,28.0,30,27,0.0,0,0,0.0,0.0,0.0,28.0,30.0,27.0,28.0,30.0,27.0,0.0,0.0,0.0,0.631017761774707,-0.05748381637791333
14,ins202406140001,0000000089,15,1,0.0833333333333333,0.0,0,68,0.6316981132075472,0.0,2.2732075471698114,1325,3012,12,0,3,1,4,2,2,1,3,2,586,202406,1,1,202407,0,2,0,0,2,20.916666666666668,0.0,0.8211320754716981,0.0,0,0,30.0,30,30,30.0,30,30,0.0,0,0,,,,,,,,,,,,,0.0,0,0,30.0,30,30,30.0,30,30,0.0,0,0,,,,,,,,,,,,,0.0,0,0,30.0,30,30,30.0,30,30,0.0,0,0,,,,,,,,,,,,,0.0,0,0,30.0,30,30,30.0,30,30,0.0,0,0,,,,,,,,,,,,,1.4211207905823438,0.6215596671071368
15,ins202405030002,0000000006,15,2,0.0833333333333333,0.0,0,62,0.4449760765550239,0.0,1.6421052631578947,2090,3432,24,-2,2,1,4,0,3,3,3,2,787,202405,1,1,202407,-2,3,0,0,3,5.958333333333333,0.0,0.5818181818181818,0.0,0,0,29.333333333333332,30,28,29.333333333333332,30,28,0.0,0,0,,,,,,,,,,,,,0.0,0,0,29.333333333333332,30,28,29.333333333333332,30,28,0.0,0,0,,,,,,,,,,,,,0.0,0,0,29.333333333333332,30,28,29.333333333333332,30,28,0.0,0,0,,,,,,,,,,,,,0.0,0,0,29.333333333333332,30,28,29.333333333333332,30,28,0.0,0,0,0.0,0.0,0.0,29.333333333333332,30.0,28.0,29.333333333333332,30.0,28.0,0.0,0.0,0.0,0.9621926260252507,0.3344427991908516
16,ins202406070002,0000000076,11,1,0.0833333333333333,0.0,0,67,0.8022670025188917,0.0,4.156171284634761,794,3300,12,0,4,1,4,0,2,2,3,2,362,202406,1,1,202407,0,2,0,0,2,22.916666666666668,0.0,1.1486146095717884,0.0,0,0,28.0,30,26,28.0,30,26,0.0,0,0,,,,,,,,,,,,,0.0,0,0,28.0,30,26,28.0,30,26,0.0,0,0,,,,,,,,,,,,,0.0,0,0,28.0,30,26,28.0,30,26,0.0,0,0,,,,,,,,,,,,,0.0,0,0,28.0,30,26,28.0,30,26,0.0,0,0,,,,,,,,,,,,,0.494377400302174,0.5841993986554591
17,ins202406190002,0000000100,12,1,0.0833333333333333,0.0,0,61,0.823960880195599,0.0,4.254278728606357,818,3480,12,0,3,0,4,0,4,1,3,2,384,202406,1,1,202407,0,2,0,0,2,24.166666666666668,0.0,1.178484107579462,0.0,0,0,28.5,30,27,28.5,30,27,0.0,0,0,,,,,,,,,,,,,0.0,0,0,28.5,30,27,28.5,30,27,0.0,0,0,,,,,,,,,,,,,0.0,0,0,28.5,30,27,28.5,30,27,0.0,0,0,,,,,,,,,,,,,0.0,0,0,28.5,30,27,28.5,30,27,0.0,0,0,,,,,,,,,,,,,0.5203663216824777,-0.1977452063399165
18,ins202405200002,0000000040,13,2,0.1666666666666666,0.0,0,55,0.8944099378881988,0.0,5.888198757763975,322,1896,12,-2,4,0,4,2,4,2,3,2,130,202405,1,1,202407,-2,3,0,0,3,13.166666666666666,0.0,1.875776397515528,0.0,0,0,29.0,30,28,29.0,30,28,0.0,0,0,,,,,,,,,,,,,0.0,0,0,29.0,30,28,29.0,30,28,0.0,0,0,,,,,,,,,,,,,0.0,0,0,29.0,30,28,29.0,30,28,0.0,0,0,,,,,,,,,,,,,0.0,0,0,29.0,30,28,29.0,30,28,0.0,0,0,0.0,0.0,0.0,29.0,30.0,28.0,29.0,30.0,28.0,0.0,0.0,0.0,0.7271243088303168,0.5340493143943844
19,ins202405170001,0000000033,14,2,0.1666666666666666,0.0,0,49,0.1724212343547691,0.0,0.4065602071644367,4634,1884,12,-2,2,1,2,2,4,3,2,1,642,202405,1,1,202407,-2,3,0,0,3,13.083333333333334,0.0,0.2401812688821752,0.0,0,0,28.666666666666668,30,27,28.666666666666668,30,27,0.0,0,0,,,,,,,,,,,,,0.0,0,0,28.666666666666668,30,27,28.666666666666668,30,27,0.0,0,0,,,,,,,,,,,,,0.0,0,0,28.666666666666668,30,27,28.666666666666668,30,27,0.0,0,0,,,,,,,,,,,,,0.0,0,0,28.666666666666668,30,27,28.666666666666668,30,27,0.0,0,0,0.0,0.0,0.0,28.666666666666668,30.0,27.0,28.666666666666668,30.0,27.0,0.0,0.0,0.0,-1.2110744458577867,0.413841260562095
20,ins202405280002,0000000056,15,2,0.0555555555555555,0.0,0,67,0.4096662830840046,0.0,3.521288837744534,1738,6120,36,-2,3,0,4,0,3,3,3,1,542,202405,1,1,202407,-2,3,0,0,3,4.722222222222222,0.0,0.6052934407364787,0.0,0,0,30.0,30,30,30.0,30,30,0.0,0,0,,,,,,,,,,,,,0.0,0,0,30.0,30,30,30.0,30,30,0.0,0,0,,,,,,,,,,,,,0.0,0,0,30.0,30,30,30.0,30,30,0.0,0,0,,,,,,,,,,,,,0.0,0,0,30.0,30,30,30.0,30,30,0.0,0,0,0.0,0.0,0.0,30.0,30.0,30.0,30.0,30.0,30.0,0.0,0.0,0.0,0.2718461654752251,0.030931489017234262
21,ins202406220001,0000000105,14,1,0.0416666666666666,0.0,0,71,0.5248397435897436,0.0,5.096153846153846,1248,6360,24,0,4,1,4,0,2,2,3,1,390,202406,1,1,202407,0,2,0,0,2,11.041666666666666,0.0,0.7371794871794872,0.0,0,0,29.5,30,29,29.5,30,29,0.0,0,0,,,,,,,,,,,,,0.0,0,0,29.5,30,29,29.5,30,29,0.0,0,0,,,,,,,,,,,,,0.0,0,0,29.5,30,29,29.5,30,29,0.0,0,0,,,,,,,,,,,,,0.0,0,0,29.5,30,29,29.5,30,29,0.0,0,0,,,,,,,,,,,,,0.1841131736040397,-0.28030465849654923
22,ins202406090001,0000000079,12,1,0.0833333333333333,0.0,0,55,0.4731812577065351,0.0,0.6436498150431565,3244,2088,12,0,4,1,2,1,2,3,3,2,1361,202406,1,1,202407,0,2,0,0,2,14.5,0.0,0.5268187422934648,0.0,0,0,28.5,30,27,28.5,30,27,0.0,0,0,,,,,,,,,,,,,0.0,0,0,28.5,30,27,28.5,30,27,0.0,0,0,,,,,,,,,,,,,0.0,0,0,28.5,30,27,28.5,30,27,0.0,0,0,,,,,,,,,,,,,0.0,0,0,28.5,30,27,28.5,30,27,0.0,0,0,,,,,,,,,,,,,-0.31910371352984396,1.0642571711381623
23,ins202406020001,0000000065,15,1,0.0833333333333333,0.0,0,63,0.6122194513715711,0.0,2.513715710723192,802,2016,12,0,3,1,4,0,4,4,3,2,323,202406,1,1,202407,0,2,0,0,2,14.0,0.0,0.8216957605985037,0.0,0,0,30.0,30,30,30.0,30,30,0.0,0,0,,,,,,,,,,,,,0.0,0,0,30.0,30,30,30.0,30,30,0.0,0,0,,,,,,,,,,,,,0.0,0,0,30.0,30,30,30.0,30,30,0.0,0,0,,,,,,,,,,,,,0.0,0,0,30.0,30,30,30.0,30,30,0.0,0,0,,,,,,,,,,,,,1.769943644634212,0.48155688618949
24,ins202405060001,0000000011,10,2,0.1666666666666666,0.0,0,61,0.7028862478777589,0.0,4.726655348047538,589,2784,12,-2,4,0,4,1,2,3,3,1,182,202405,1,1,202407,-2,3,0,0,3,19.33333333333333,0.0,1.4906621392190154,0.0,0,0,26.666666666666668,30,25,26.666666666666668,30,25,0.0,0,0,,,,,,,,,,,,,0.0,0,0,26.666666666666668,30,25,26.666666666666668,30,25,0.0,0,0,,,,,,,,,,,,,0.0,0,0,26.666666666666668,30,25,26.666666666666668,30,25,0.0,0,0,,,,,,,,,,,,,0.0,0,0,26.666666666666668,30,25,26.666666666666668,30,25,0.0,0,0,0.0,0.0,0.0,26.666666666666668,30.0,25.0,26.666666666666668,30.0,25.0,0.0,0.0,0.0,-0.7359733642263506,0.10562963031763273
25,ins202406120001,0000000085,14,1,0.0833333333333333,0.0,0,48,0.4121788102780711,0.0,0.3970432946145723,2841,1128,12,0,4,0,3,1,4,4,3,1,1077,202406,1,1,202407,0,2,0,0,2,7.833333333333333,0.0,0.4452657514959521,0.0,0,0,29.5,30,29,29.5,30,29,0.0,0,0,,,,,,,,,,,,,0.0,0,0,29.5,30,29,29.5,30,29,0.0,0,0,,,,,,,,,,,,,0.0,0,0,29.5,30,29,29.5,30,29,0.0,0,0,,,,,,,,,,,,,0.0,0,0,29.5,30,29,29.5,30,29,0.0,0,0,,,,,,,,,,,,,0.43103063159086485,0.5155479263047971
26,ins202405140002,0000000028,12,2,0.1666666666666666,0.0,0,53,0.7009803921568627,0.0,3.0294117647058822,408,1236,12,-2,2,1,4,0,4,2,3,1,183,202405,1,1,202407,-2,3,0,0,3,8.583333333333334,0.0,1.2058823529411764,0.0,0,0,28.0,30,27,28.0,30,27,0.0,0,0,,,,,,,,,,,,,0.0,0,0,28.0,30,27,28.0,30,27,0.0,0,0,,,,,,,,,,,,,0.0,0,0,28.0,30,27,28.0,30,27,0.0,0,0,,,,,,,,,,,,,0.0,0,0,28.0,30,27,28.0,30,27,0.0,0,0,0.0,0.0,0.0,28.0,30.0,27.0,28.0,30.0,27.0,0.0,0.0,0.0,-0.04362556033301049,0.5716285021419962
27,ins202406100001,0000000081,5,1,0.0833333333333333,0.0,0,66,0.555367709213863,0.0,0.9535080304311072,1183,1128,12,0,2,1,4,0,2,2,3,2,563,202406,1,1,202407,0,2,0,0,2,7.833333333333333,0.0,0.6348267117497887,0.0,0,0,25.0,30,20,25.0,30,20,0.0,0,0,,,,,,,,,,,,,0.0,0,0,25.0,30,20,25.0,30,20,0.0,0,0,,,,,,,,,,,,,0.0,0,0,25.0,30,20,25.0,30,20,0.0,0,0,,,,,,,,,,,,,0.0,0,0,25.0,30,20,25.0,30,20,0.0,0,0,,,,,,,,,,,,,-0.02874258257567141,1.6194553441290984
28,ins202405100001,0000000019,15,2,0.1666666666666666,0.0,0,57,0.5350790513833992,0.0,0.8063241106719368,2024,1632,12,-2,4,0,4,0,2,2,3,2,947,202405,1,1,202407,-2,3,0,0,3,11.333333333333334,0.0,0.6694664031620553,0.0,0,0,28.666666666666668,30,26,28.666666666666668,30,26,0.0,0,0,,,,,,,,,,,,,0.0,0,0,28.666666666666668,30,26,28.666666666666668,30,26,0.0,0,0,,,,,,,,,,,,,0.0,0,0,28.666666666666668,30,26,28.666666666666668,30,26,0.0,0,0,,,,,,,,,,,,,0.0,0,0,28.666666666666668,30,26,28.666666666666668,30,26,0.0,0,0,0.0,0.0,0.0,28.666666666666668,30.0,26.0,28.666666666666668,30.0,26.0,0.0,0.0,0.0,0.12933873440144136,0.5613639266136032
29,ins202406120002,0000000086,14,1,0.0833333333333333,0.0,0,62,0.5164330039071477,0.0,0.7860262008733624,4351,3420,12,0,4,0,3,0,4,4,3,2,1962,202406,1,1,202407,0,2,0,0,2,23.75,0.0,0.5819351873132613,0.0,0,0,29.5,30,29,29.5,30,29,0.0,0,0,,,,,,,,,,,,,0.0,0,0,29.5,30,29,29.5,30,29,0.0,0,0,,,,,,,,,,,,,0.0,0,0,29.5,30,29,29.5,30,29,0.0,0,0,,,,,,,,,,,,,0.0,0,0,29.5,30,29,29.5,30,29,0.0,0,0,,,,,,,,,,,,,0.8590369405730631,0.16174820505860366
30,ins202405090001,0000000017,14,2,0.1666666666666666,0.0,0,61,1.0328425821064553,0.0,7.012457531143828,883,6192,12,-2,3,1,4,0,2,2,3,2,396,202405,1,1,202407,-2,3,0,0,3,43.0,0.0,2.20158550396376,0.0,0,0,27.666666666666668,30,24,27.666666666666668,30,24,0.0,0,0,,,,,,,,,,,,,0.0,0,0,27.666666666666668,30,24,27.666666666666668,30,24,0.0,0,0,,,,,,,,,,,,,0.0,0,0,27.666666666666668,30,24,27.666666666666668,30,24,0.0,0,0,,,,,,,,,,,,,0.0,0,0,27.666666666666668,30,24,27.666666666666668,30,24,0.0,0,0,0.0,0.0,0.0,27.666666666666668,30.0,24.0,27.666666666666668,30.0,24.0,0.0,0.0,0.0,0.8595675902672542,-1.127944730711787
31,ins202406010002,0000000064,10,1,0.0416666666666666,0.0,0,55,0.282591725214676,0.0,2.604215456674473,1281,3336,24,0,3,1,4,0,4,3,2,1,223,202406,1,1,202407,0,2,0,0,2,5.791666666666667,0.0,0.3911007025761124,0.0,0,0,27.5,30,25,27.5,30,25,0.0,0,0,,,,,,,,,,,,,0.0,0,0,27.5,30,25,27.5,30,25,0.0,0,0,,,,,,,,,,,,,0.0,0,0,27.5,30,25,27.5,30,25,0.0,0,0,,,,,,,,,,,,,0.0,0,0,27.5,30,25,27.5,30,25,0.0,0,0,,,,,,,,,,,,,-0.26104443094032603,0.6654604298019413
32,ins202405160002,0000000032,13,2,0.0555555555555555,0.0,0,69,0.5425448868071819,0.0,4.187353629976581,1281,5364,36,-2,4,0,4,2,3,3,3,2,546,202405,1,1,202407,-2,3,0,0,3,4.138888888888889,0.0,0.775175644028103,0.0,0,0,29.333333333333332,30,28,29.333333333333332,30,28,0.0,0,0,,,,,,,,,,,,,0.0,0,0,29.333333333333332,30,28,29.333333333333332,30,28,0.0,0,0,,,,,,,,,,,,,0.0,0,0,29.333333333333332,30,28,29.333333333333332,30,28,0.0,0,0,,,,,,,,,,,,,0.0,0,0,29.333333333333332,30,28,29.333333333333332,30,28,0.0,0,0,0.0,0.0,0.0,29.333333333333332,30.0,28.0,29.333333333333332,30.0,28.0,0.0,0.0,0.0,1.2418192769313345,-0.534775768201095
33,ins202406240001,0000000109,11,1,0.0833333333333333,0.0,0,51,0.6070574162679426,0.0,1.2129186602870814,1672,2028,12,0,2,0,3,1,4,2,3,2,846,202406,1,1,202407,0,2,0,0,2,14.083333333333334,0.0,0.7081339712918661,0.0,0,0,28.0,30,26,28.0,30,26,0.0,0,0,,,,,,,,,,,,,0.0,0,0,28.0,30,26,28.0,30,26,0.0,0,0,,,,,,,,,,,,,0.0,0,0,28.0,30,26,28.0,30,26,0.0,0,0,,,,,,,,,,,,,0.0,0,0,28.0,30,26,28.0,30,26,0.0,0,0,,,,,,,,,,,,,-0.0516759087924904,0.18487079945497026
34,ins202406260001,0000000113,14,1,0.0416666666666666,0.0,0,56,0.4995983935742972,0.0,2.293975903614458,1245,2856,24,0,3,0,4,1,4,3,3,1,503,202406,1,1,202407,0,2,0,0,2,4.958333333333333,0.0,0.5951807228915663,0.0,0,0,29.5,30,29,29.5,30,29,0.0,0,0,,,,,,,,,,,,,0.0,0,0,29.5,30,29,29.5,30,29,0.0,0,0,,,,,,,,,,,,,0.0,0,0,29.5,30,29,29.5,30,29,0.0,0,0,,,,,,,,,,,,,0.0,0,0,29.5,30,29,29.5,30,29,0.0,0,0,,,,,,,,,,,,,0.20501248711635378,0.45375448365987237
35,ins202406180002,0000000098,12,1,0.0833333333333333,0.0,0,63,0.7983425414364641,0.0,2.5359116022099446,724,1836,12,0,3,0,4,0,2,1,3,2,425,202406,1,1,202407,0,2,0,0,2,12.75,0.0,1.0096685082872927,0.0,0,0,28.5,30,27,28.5,30,27,0.0,0,0,,,,,,,,,,,,,0.0,0,0,28.5,30,27,28.5,30,27,0.0,0,0,,,,,,,,,,,,,0.0,0,0,28.5,30,27,28.5,30,27,0.0,0,0,,,,,,,,,,,,,0.0,0,0,28.5,30,27,28.5,30,27,0.0,0,0,,,,,,,,,,,,,-1.0228061308511296,0.19284275152143213
36,ins202405110001,0000000021,13,2,0.1666666666666666,0.0,0,66,0.6452205882352942,0.0,1.4283088235294117,2176,3108,12,-2,3,1,4,0,3,4,3,2,1145,202405,1,1,202407,-2,3,0,0,3,21.58333333333333,0.0,0.8832720588235294,0.0,0,0,27.666666666666668,30,25,27.666666666666668,30,25,0.0,0,0,,,,,,,,,,,,,0.0,0,0,27.666666666666668,30,25,27.666666666666668,30,25,0.0,0,0,,,,,,,,,,,,,0.0,0,0,27.666666666666668,30,25,27.666666666666668,30,25,0.0,0,0,,,,,,,,,,,,,0.0,0,0,27.666666666666668,30,25,27.666666666666668,30,25,0.0,0,0,0.0,0.0,0.0,27.666666666666668,30.0,25.0,27.666666666666668,30.0,25.0,0.0,0.0,0.0,1.6171025021183159,0.7340218399445027
37,ins202405020002,0000000004,14,2,0.1666666666666666,0.0,0,52,1.3834586466165413,0.0,9.906766917293233,665,6588,12,-2,3,1,4,0,4,1,3,2,371,202405,1,1,202407,-2,3,0,0,3,45.75,0.0,3.0345864661654134,0.0,0,0,27.666666666666668,30,24,27.666666666666668,30,24,0.0,0,0,,,,,,,,,,,,,0.0,0,0,27.666666666666668,30,24,27.666666666666668,30,24,0.0,0,0,,,,,,,,,,,,,0.0,0,0,27.666666666666668,30,24,27.666666666666668,30,24,0.0,0,0,,,,,,,,,,,,,0.0,0,0,27.666666666666668,30,24,27.666666666666668,30,24,0.0,0,0,0.0,0.0,0.0,27.666666666666668,30.0,24.0,27.666666666666668,30.0,24.0,0.0,0.0,0.0,1.4309269883707239,-0.4472379378742393
38,ins202406040001,0000000069,13,1,0.0833333333333333,0.0,0,55,0.939580764488286,0.0,5.489519112207152,811,4452,12,0,4,0,4,3,4,1,3,2,391,202406,1,1,202407,0,2,0,0,2,30.916666666666668,0.0,1.3970406905055488,0.0,0,0,29.0,30,28,29.0,30,28,0.0,0,0,,,,,,,,,,,,,0.0,0,0,29.0,30,28,29.0,30,28,0.0,0,0,,,,,,,,,,,,,0.0,0,0,29.0,30,28,29.0,30,28,0.0,0,0,,,,,,,,,,,,,0.0,0,0,29.0,30,28,29.0,30,28,0.0,0,0,,,,,,,,,,,,,1.2396089707651519,1.299763155346538
39,ins202405120001,0000000023,15,2,0.1666666666666666,0.0,0,51,0.3873377900117971,0.0,1.6374360990955563,2543,4164,12,-2,2,1,3,1,4,4,2,2,638,202405,1,1,202407,-2,3,0,0,3,28.916666666666668,0.0,0.6602438065277232,0.0,0,0,30.0,30,30,30.0,30,30,0.0,0,0,,,,,,,,,,,,,0.0,0,0,30.0,30,30,30.0,30,30,0.0,0,0,,,,,,,,,,,,,0.0,0,0,30.0,30,30,30.0,30,30,0.0,0,0,,,,,,,,,,,,,0.0,0,0,30.0,30,30,30.0,30,30,0.0,0,0,0.0,0.0,0.0,30.0,30.0,30.0,30.0,30.0,30.0,0.0,0.0,0.0,0.5906051443471141,0.09865594730268518
40,ins202405220002,0000000044,12,2,0.1666666666666666,0.0,0,63,0.6826615483045425,0.0,2.679462571976968,1563,4188,12,-2,1,1,4,1,3,4,3,2,718,202405,1,1,202407,-2,3,0,0,3,29.08333333333333,0.0,1.1292386436340371,0.0,0,0,27.333333333333332,30,25,27.333333333333332,30,25,0.0,0,0,,,,,,,,,,,,,0.0,0,0,27.333333333333332,30,25,27.333333333333332,30,25,0.0,0,0,,,,,,,,,,,,,0.0,0,0,27.333333333333332,30,25,27.333333333333332,30,25,0.0,0,0,,,,,,,,,,,,,0.0,0,0,27.333333333333332,30,25,27.333333333333332,30,25,0.0,0,0,0.0,0.0,0.0,27.333333333333332,30.0,25.0,27.333333333333332,30.0,25.0,0.0,0.0,0.0,1.6336185070550537,-0.07063839576212028
41,ins202406280002,0000000118,15,1,0.0833333333333333,0.0,0,56,0.526196758386732,0.0,1.040331699962307,2653,2760,12,0,4,0,4,0,4,3,3,2,1166,202406,1,1,202407,0,2,0,0,2,19.166666666666668,0.0,0.6128910667169243,0.0,0,0,30.0,30,30,30.0,30,30,0.0,0,0,,,,,,,,,,,,,0.0,0,0,30.0,30,30,30.0,30,30,0.0,0,0,,,,,,,,,,,,,0.0,0,0,30.0,30,30,30.0,30,30,0.0,0,0,,,,,,,,,,,,,0.0,0,0,30.0,30,30,30.0,30,30,0.0,0,0,,,,,,,,,,,,,1.5585021357361557,0.725917778850983
42,ins202405290001,0000000057,7,2,0.1666666666666666,0.0,0,57,0.8626373626373627,0.0,2.925824175824176,1456,4260,12,-2,2,1,1,2,4,2,3,2,901,202405,1,1,202407,-2,3,0,0,3,29.58333333333333,0.0,1.3502747252747254,0.0,0,0,26.333333333333332,30,22,26.333333333333332,30,22,0.0,0,0,,,,,,,,,,,,,0.0,0,0,26.333333333333332,30,22,26.333333333333332,30,22,0.0,0,0,,,,,,,,,,,,,0.0,0,0,26.333333333333332,30,22,26.333333333333332,30,22,0.0,0,0,,,,,,,,,,,,,0.0,0,0,26.333333333333332,30,22,26.333333333333332,30,22,0.0,0,0,0.0,0.0,0.0,26.333333333333332,30.0,22.0,26.333333333333332,30.0,22.0,0.0,0.0,0.0,0.06205093036103537,0.5427814951073036
43,ins202405200001,0000000039,15,2,0.1666666666666666,0.0,0,68,1.2852459016393445,0.0,10.42622950819672,305,3180,12,-2,3,0,4,0,3,3,3,2,127,202405,1,1,202407,-2,3,0,0,3,22.08333333333333,0.0,3.0229508196721318,0.0,0,0,27.333333333333332,30,22,27.333333333333332,30,22,0.0,0,0,,,,,,,,,,,,,0.0,0,0,27.333333333333332,30,22,27.333333333333332,30,22,0.0,0,0,,,,,,,,,,,,,0.0,0,0,27.333333333333332,30,22,27.333333333333332,30,22,0.0,0,0,,,,,,,,,,,,,0.0,0,0,27.333333333333332,30,22,27.333333333333332,30,22,0.0,0,0,0.0,0.0,0.0,27.333333333333332,30.0,22.0,27.333333333333332,30.0,22.0,0.0,0.0,0.0,0.18955455245741734,-0.07264139356193379
44,ins202406230001,0000000107,14,1,0.0833333333333333,0.0,0,56,0.3403169486972871,0.0,0.3996776792908944,3723,1488,12,0,1,0,3,1,2,2,2,2,1143,202406,1,1,202407,0,2,0,0,2,10.333333333333334,0.0,0.3736234219715283,0.0,0,0,29.5,30,29,29.5,30,29,0.0,0,0,,,,,,,,,,,,,0.0,0,0,29.5,30,29,29.5,30,29,0.0,0,0,,,,,,,,,,,,,0.0,0,0,29.5,30,29,29.5,30,29,0.0,0,0,,,,,,,,,,,,,0.0,0,0,29.5,30,29,29.5,30,29,0.0,0,0,,,,,,,,,,,,,-1.6394015457938285,0.4840765414076996
45,ins202406040002,0000000070,13,1,0.0277777777777777,0.0,0,53,0.4295729764181007,0.0,2.5697896749521987,3138,8064,36,0,4,0,3,1,4,3,2,2,1124,202406,1,1,202407,0,2,0,0,2,6.222222222222222,0.0,0.5009560229445507,0.0,0,0,29.0,30,28,29.0,30,28,0.0,0,0,,,,,,,,,,,,,0.0,0,0,29.0,30,28,29.0,30,28,0.0,0,0,,,,,,,,,,,,,0.0,0,0,29.0,30,28,29.0,30,28,0.0,0,0,,,,,,,,,,,,,0.0,0,0,29.0,30,28,29.0,30,28,0.0,0,0,,,,,,,,,,,,,0.15718839671170337,-0.10335499736374565
46,ins202406090002,0000000080,14,1,0.0833333333333333,0.0,0,59,0.7553191489361702,0.0,4.539007092198582,846,3840,12,0,3,1,4,0,2,3,3,2,319,202406,1,1,202407,0,2,0,0,2,26.666666666666668,0.0,1.1335697399527187,0.0,0,0,29.5,30,29,29.5,30,29,0.0,0,0,,,,,,,,,,,,,0.0,0,0,29.5,30,29,29.5,30,29,0.0,0,0,,,,,,,,,,,,,0.0,0,0,29.5,30,29,29.5,30,29,0.0,0,0,,,,,,,,,,,,,0.0,0,0,29.5,30,29,29.5,30,29,0.0,0,0,,,,,,,,,,,,,-0.017583031412363948,-0.1466234698433176
47,ins202405010001,0000000001,12,2,0.1666666666666666,0.0,0,66,1.017094017094017,0.0,6.871794871794871,702,4824,12,-2,1,0,4,0,4,3,3,2,312,202405,1,1,202407,-2,3,0,0,3,33.5,0.0,2.1623931623931623,0.0,0,0,28.333333333333332,30,27,28.333333333333332,30,27,0.0,0,0,,,,,,,,,,,,,0.0,0,0,28.333333333333332,30,27,28.333333333333332,30,27,0.0,0,0,,,,,,,,,,,,,0.0,0,0,28.333333333333332,30,27,28.333333333333332,30,27,0.0,0,0,,,,,,,,,,,,,0.0,0,0,28.333333333333332,30,27,28.333333333333332,30,27,0.0,0,0,0.0,0.0,0.0,28.333333333333332,30.0,27.0,28.333333333333332,30.0,27.0,0.0,0.0,0.0,-0.5715246958354353,0.05950244242709001
48,ins202406280001,0000000117,15,1,0.0416666666666666,0.0,0,64,0.9608150470219436,0.0,10.946708463949845,638,6984,24,0,2,1,4,0,4,3,3,2,322,202406,1,1,202407,0,2,0,0,2,12.125,0.0,1.4169278996865204,0.0,0,0,30.0,30,30,30.0,30,30,0.0,0,0,,,,,,,,,,,,,0.0,0,0,30.0,30,30,30.0,30,30,0.0,0,0,,,,,,,,,,,,,0.0,0,0,30.0,30,30,30.0,30,30,0.0,0,0,,,,,,,,,,,,,0.0,0,0,30.0,30,30,30.0,30,30,0.0,0,0,,,,,,,,,,,,,1.4677616657222763,0.04425151558375051
49,ins202405310001,0000000061,14,2,0.1666666666666666,0.0,0,63,0.7523510971786834,0.0,3.987460815047022,319,1272,12,-2,3,0,4,1,4,4,3,2,134,202405,1,1,202407,-2,3,0,0,3,8.833333333333334,0.0,1.4169278996865204,0.0,0,0,28.666666666666668,30,27,28.666666666666668,30,27,0.0,0,0,,,,,,,,,,,,,0.0,0,0,28.666666666666668,30,27,28.666666666666668,30,27,0.0,0,0,,,,,,,,,,,,,0.0,0,0,28.666666666666668,30,27,28.666666666666668,30,27,0.0,0,0,,,,,,,,,,,,,0.0,0,0,28.666666666666668,30,27,28.666666666666668,30,27,0.0,0,0,0.0,0.0,0.0,28.666666666666668,30.0,27.0,28.666666666666668,30.0,27.0,0.0,0.0,0.0,1.147720800823909,1.3234329178370763
50,ins202405230001,0000000045,14,2,0.1666666666666666,0.0,0,67,0.5506329113924051,0.0,1.2151898734177216,948,1152,12,-2,1,1,4,0,2,3,3,1,426,202405,1,1,202407,-2,3,0,0,3,8.0,0.0,0.7531645569620253,0.0,0,0,28.333333333333332,30,26,28.333333333333332,30,26,0.0,0,0,,,,,,,,,,,,,0.0,0,0,28.333333333333332,30,26,28.333333333333332,30,26,0.0,0,0,,,,,,,,,,,,,0.0,0,0,28.333333333333332,30,26,28.333333333333332,30,26,0.0,0,0,,,,,,,,,,,,,0.0,0,0,28.333333333333332,30,26,28.333333333333332,30,26,0.0,0,0,0.0,0.0,0.0,28.333333333333332,30.0,26.0,28.333333333333332,30.0,26.0,0.0,0.0,0.0,-1.0377843650359182,0.11974324321092893
51,ins202405260002,0000000052,12,2,0.0555555555555555,0.0,0,49,0.4942559444296019,0.0,2.481432006411969,3743,9288,36,-2,2,0,3,1,4,3,3,2,1592,202405,1,1,202407,-2,3,0,0,3,7.166666666666667,0.0,0.6321132781191557,0.0,0,0,25.666666666666668,30,20,25.666666666666668,30,20,0.0,0,0,,,,,,,,,,,,,0.0,0,0,25.666666666666668,30,20,25.666666666666668,30,20,0.0,0,0,,,,,,,,,,,,,0.0,0,0,25.666666666666668,30,20,25.666666666666668,30,20,0.0,0,0,,,,,,,,,,,,,0.0,0,0,25.666666666666668,30,20,25.666666666666668,30,20,0.0,0,0,0.0,0.0,0.0,25.666666666666668,30.0,20.0,25.666666666666668,30.0,20.0,0.0,0.0,0.0,0.9676928557813536,-0.202748790819199
52,ins202405150001,0000000029,12,2,0.1666666666666666,0.0,0,52,0.4038128249566724,0.0,1.281629116117851,4616,5916,12,-2,1,1,2,1,4,2,2,2,1371,202405,1,1,202407,-2,3,0,0,3,41.083333333333336,0.0,0.6174176776429809,0.0,0,0,28.0,30,27,28.0,30,27,0.0,0,0,,,,,,,,,,,,,0.0,0,0,28.0,30,27,28.0,30,27,0.0,0,0,,,,,,,,,,,,,0.0,0,0,28.0,30,27,28.0,30,27,0.0,0,0,,,,,,,,,,,,,0.0,0,0,28.0,30,27,28.0,30,27,0.0,0,0,0.0,0.0,0.0,28.0,30.0,27.0,28.0,30.0,27.0,0.0,0.0,0.0,-1.1204547506376874,1.1418765308340404
53,ins202405300002,0000000060,15,2,0.1666666666666666,0.0,0,57,0.5600373981568051,0.0,0.2997195138239615,7487,2244,12,-2,1,1,2,0,4,1,3,2,4006,202405,1,1,202407,-2,3,0,0,3,15.583333333333334,0.0,0.6099906504607987,0.0,0,0,26.666666666666668,30,20,26.666666666666668,30,20,0.0,0,0,,,,,,,,,,,,,0.0,0,0,26.666666666666668,30,20,26.666666666666668,30,20,0.0,0,0,,,,,,,,,,,,,0.0,0,0,26.666666666666668,30,20,26.666666666666668,30,20,0.0,0,0,,,,,,,,,,,,,0.0,0,0,26.666666666666668,30,20,26.666666666666668,30,20,0.0,0,0,0.0,0.0,0.0,26.666666666666668,30.0,20.0,26.666666666666668,30.0,20.0,0.0,0.0,0.0,0.056508099794502165,0.13307111251683845
54,ins202405210001,0000000041,7,2,0.1666666666666666,0.0,0,67,0.5973534971644613,0.0,2.4272211720226844,529,1284,12,-2,4,0,4,0,2,1,3,2,209,202405,1,1,202407,-2,3,0,0,3,8.916666666666666,0.0,1.001890359168242,0.0,0,0,27.333333333333332,30,22,27.333333333333332,30,22,0.0,0,0,,,,,,,,,,,,,0.0,0,0,27.333333333333332,30,22,27.333333333333332,30,22,0.0,0,0,,,,,,,,,,,,,0.0,0,0,27.333333333333332,30,22,27.333333333333332,30,22,0.0,0,0,,,,,,,,,,,,,0.0,0,0,27.333333333333332,30,22,27.333333333333332,30,22,0.0,0,0,0.0,0.0,0.0,27.333333333333332,30.0,22.0,27.333333333333332,30.0,22.0,0.0,0.0,0.0,-0.49002006373236445,0.8546824337861613
55,ins202405260001,0000000051,11,2,0.0555555555555555,0.0,0,55,0.5131940626717977,0.0,1.800989554700385,3638,6552,36,-2,3,0,3,0,4,4,3,2,1685,202405,1,1,202407,-2,3,0,0,3,5.055555555555555,0.0,0.6132490379329302,0.0,0,0,26.333333333333332,30,23,26.333333333333332,30,23,0.0,0,0,,,,,,,,,,,,,0.0,0,0,26.333333333333332,30,23,26.333333333333332,30,23,0.0,0,0,,,,,,,,,,,,,0.0,0,0,26.333333333333332,30,23,26.333333333333332,30,23,0.0,0,0,,,,,,,,,,,,,0.0,0,0,26.333333333333332,30,23,26.333333333333332,30,23,0.0,0,0,0.0,0.0,0.0,26.333333333333332,30.0,23.0,26.333333333333332,30.0,23.0,0.0,0.0,0.0,0.28994568897797834,1.101517804765014
56,ins202405300001,0000000059,15,2,0.1666666666666666,0.0,0,62,0.4824561403508772,0.0,0.7010078387458006,5358,3756,12,-2,2,1,2,0,4,4,3,2,2272,202405,1,1,202407,-2,3,0,0,3,26.08333333333333,0.0,0.599290780141844,0.0,0,0,28.666666666666668,30,26,28.666666666666668,30,26,0.0,0,0,,,,,,,,,,,,,0.0,0,0,28.666666666666668,30,26,28.666666666666668,30,26,0.0,0,0,,,,,,,,,,,,,0.0,0,0,28.666666666666668,30,26,28.666666666666668,30,26,0.0,0,0,,,,,,,,,,,,,0.0,0,0,28.666666666666668,30,26,28.666666666666668,30,26,0.0,0,0,0.0,0.0,0.0,28.666666666666668,30.0,26.0,28.666666666666668,30.0,26.0,0.0,0.0,0.0,1.2374948610246506,0.12916933586822735
57,ins202405250002,0000000050,15,2,0.1666666666666666,0.0,0,60,0.5376106194690266,0.0,1.5265486725663715,1808,2760,12,-2,3,0,4,0,4,3,3,2,742,202405,1,1,202407,-2,3,0,0,3,19.166666666666668,0.0,0.7920353982300885,0.0,0,0,28.666666666666668,30,26,28.666666666666668,30,26,0.0,0,0,,,,,,,,,,,,,0.0,0,0,28.666666666666668,30,26,28.666666666666668,30,26,0.0,0,0,,,,,,,,,,,,,0.0,0,0,28.666666666666668,30,26,28.666666666666668,30,26,0.0,0,0,,,,,,,,,,,,,0.0,0,0,28.666666666666668,30,26,28.666666666666668,30,26,0.0,0,0,0.0,0.0,0.0,28.666666666666668,30.0,26.0,28.666666666666668,30.0,26.0,0.0,0.0,0.0,0.4146533819747961,0.04396497146122816
58,ins202406210001,0000000103,15,1,0.0416666666666666,0.0,0,64,0.8015414258188824,0.0,8.739884393063583,519,4536,24,0,3,1,4,0,4,3,3,2,227,202406,1,1,202407,0,2,0,0,2,7.875,0.0,1.165703275529865,0.0,0,0,30.0,30,30,30.0,30,30,0.0,0,0,,,,,,,,,,,,,0.0,0,0,30.0,30,30,30.0,30,30,0.0,0,0,,,,,,,,,,,,,0.0,0,0,30.0,30,30,30.0,30,30,0.0,0,0,,,,,,,,,,,,,0.0,0,0,30.0,30,30,30.0,30,30,0.0,0,0,,,,,,,,,,,,,1.8961644634556887,-0.34281996939293796
59,ins202406160002,0000000094,14,1,0.0416666666666666,0.0,0,64,0.6,0.0,7.936,750,5952,24,0,3,1,4,0,3,2,3,1,202,202406,1,1,202407,0,2,0,0,2,10.333333333333334,0.0,0.9306666666666666,0.0,0,0,29.5,30,29,29.5,30,29,0.0,0,0,,,,,,,,,,,,,0.0,0,0,29.5,30,29,29.5,30,29,0.0,0,0,,,,,,,,,,,,,0.0,0,0,29.5,30,29,29.5,30,29,0.0,0,0,,,,,,,,,,,,,0.0,0,0,29.5,30,29,29.5,30,29,0.0,0,0,,,,,,,,,,,,,0.06862341245547443,-0.8811591941595875
60,ins202406210002,0000000104,12,1,0.0416666666666666,0.0,0,63,0.6286893049825453,0.0,3.4960330053951125,3151,11016,24,0,4,0,2,2,3,2,3,2,1522,202406,1,1,202407,0,2,0,0,2,19.125,0.0,0.7743573468740083,0.0,0,0,28.5,30,27,28.5,30,27,0.0,0,0,,,,,,,,,,,,,0.0,0,0,28.5,30,27,28.5,30,27,0.0,0,0,,,,,,,,,,,,,0.0,0,0,28.5,30,27,28.5,30,27,0.0,0,0,,,,,,,,,,,,,0.0,0,0,28.5,30,27,28.5,30,27,0.0,0,0,,,,,,,,,,,,,-0.005069151560268326,1.2251420224325655
61,ins202406190001,0000000099,14,1,0.0277777777777777,0.0,0,60,0.4611253509093128,0.0,0.6634932259245697,8193,5436,36,0,3,1,2,0,2,1,3,2,3627,202406,1,1,202407,0,2,0,0,2,4.194444444444445,0.0,0.4795557182961064,0.0,0,0,29.5,30,29,29.5,30,29,0.0,0,0,,,,,,,,,,,,,0.0,0,0,29.5,30,29,29.5,30,29,0.0,0,0,,,,,,,,,,,,,0.0,0,0,29.5,30,29,29.5,30,29,0.0,0,0,,,,,,,,,,,,,0.0,0,0,29.5,30,29,29.5,30,29,0.0,0,0,,,,,,,,,,,,,0.11150114994577304,0.1188870648083798
62,ins202406050001,0000000071,14,1,0.0277777777777777,0.0,0,64,0.4157004830917874,0.0,1.2173913043478262,4140,5040,36,0,1,1,2,0,2,3,3,2,1581,202406,1,1,202407,0,2,0,0,2,3.888888888888889,0.0,0.4495169082125604,0.0,0,0,29.5,30,29,29.5,30,29,0.0,0,0,,,,,,,,,,,,,0.0,0,0,29.5,30,29,29.5,30,29,0.0,0,0,,,,,,,,,,,,,0.0,0,0,29.5,30,29,29.5,30,29,0.0,0,0,,,,,,,,,,,,,0.0,0,0,29.5,30,29,29.5,30,29,0.0,0,0,,,,,,,,,,,,,-1.0985232101095825,-0.09912500818464037
63,ins202405180001,0000000035,14,2,0.0833333333333333,0.0,0,63,0.6691476590636255,0.0,0.7260504201680672,8330,6048,24,-2,4,1,2,0,3,2,3,2,5322,202405,1,1,202407,-2,3,0,0,3,10.5,0.0,0.7296518607442977,0.0,0,0,29.0,30,28,29.0,30,28,0.0,0,0,,,,,,,,,,,,,0.0,0,0,29.0,30,28,29.0,30,28,0.0,0,0,,,,,,,,,,,,,0.0,0,0,29.0,30,28,29.0,30,28,0.0,0,0,,,,,,,,,,,,,0.0,0,0,29.0,30,28,29.0,30,28,0.0,0,0,0.0,0.0,0.0,29.0,30.0,28.0,29.0,30.0,28.0,0.0,0.0,0.0,0.4963614311764407,-0.15401519477484982
64,ins202405050001,0000000009,7,2,0.1666666666666666,0.0,0,58,0.6707589285714286,0.0,2.4107142857142856,896,2160,12,-2,2,0,4,0,2,1,3,2,421,202405,1,1,202407,-2,3,0,0,3,15.0,0.0,1.0725446428571428,0.0,0,0,27.0,30,22,27.0,30,22,0.0,0,0,,,,,,,,,,,,,0.0,0,0,27.0,30,22,27.0,30,22,0.0,0,0,,,,,,,,,,,,,0.0,0,0,27.0,30,22,27.0,30,22,0.0,0,0,,,,,,,,,,,,,0.0,0,0,27.0,30,22,27.0,30,22,0.0,0,0,0.0,0.0,0.0,27.0,30.0,22.0,27.0,30.0,22.0,0.0,0.0,0.0,-0.959100619083452,0.7315050383671141
65,ins202405140001,0000000027,13,2,0.0555555555555555,0.0,0,70,0.6589861751152074,0.0,8.67412771560237,1519,13176,36,-2,4,0,4,0,3,2,3,2,635,202405,1,1,202407,-2,3,0,0,3,10.166666666666666,0.0,1.140882159315339,0.0,0,0,28.666666666666668,30,28,28.666666666666668,30,28,0.0,0,0,,,,,,,,,,,,,0.0,0,0,28.666666666666668,30,28,28.666666666666668,30,28,0.0,0,0,,,,,,,,,,,,,0.0,0,0,28.666666666666668,30,28,28.666666666666668,30,28,0.0,0,0,,,,,,,,,,,,,0.0,0,0,28.666666666666668,30,28,28.666666666666668,30,28,0.0,0,0,0.0,0.0,0.0,28.666666666666668,30.0,28.0,28.666666666666668,30.0,28.0,0.0,0.0,0.0,0.8157616019154601,0.42773725419636993
66,ins202406290001,0000000119,14,1,0.0833333333333333,0.0,0,55,0.5355263157894737,0.0,1.1210526315789473,1520,1704,12,0,1,0,4,1,2,3,3,2,672,202406,1,1,202407,0,2,0,0,2,11.833333333333334,0.0,0.6289473684210526,0.0,0,0,29.5,30,29,29.5,30,29,0.0,0,0,,,,,,,,,,,,,0.0,0,0,29.5,30,29,29.5,30,29,0.0,0,0,,,,,,,,,,,,,0.0,0,0,29.5,30,29,29.5,30,29,0.0,0,0,,,,,,,,,,,,,0.0,0,0,29.5,30,29,29.5,30,29,0.0,0,0,,,,,,,,,,,,,-0.015664772583601744,0.1415275544379423
67,ins202405120002,0000000024,11,2,0.1666666666666666,0.0,0,68,0.7836676217765043,0.0,2.819484240687679,698,1968,12,-2,3,0,4,0,2,1,3,2,383,202405,1,1,202407,-2,3,0,0,3,13.666666666666666,0.0,1.2535816618911175,0.0,0,0,28.666666666666668,30,26,28.666666666666668,30,26,0.0,0,0,,,,,,,,,,,,,0.0,0,0,28.666666666666668,30,26,28.666666666666668,30,26,0.0,0,0,,,,,,,,,,,,,0.0,0,0,28.666666666666668,30,26,28.666666666666668,30,26,0.0,0,0,,,,,,,,,,,,,0.0,0,0,28.666666666666668,30,26,28.666666666666668,30,26,0.0,0,0,0.0,0.0,0.0,28.666666666666668,30.0,26.0,28.666666666666668,30.0,26.0,0.0,0.0,0.0,-1.1215655609478183,0.3625012451600981
68,ins202405160001,0000000031,10,2,0.0833333333333333,0.0,0,64,0.5398361876396128,0.0,1.804914370811616,1343,2424,24,-2,1,1,4,0,4,2,3,1,624,202405,1,1,202407,-2,3,0,0,3,4.208333333333333,0.0,0.6902457185405808,0.0,0,0,28.333333333333332,30,25,28.333333333333332,30,25,0.0,0,0,,,,,,,,,,,,,0.0,0,0,28.333333333333332,30,25,28.333333333333332,30,25,0.0,0,0,,,,,,,,,,,,,0.0,0,0,28.333333333333332,30,25,28.333333333333332,30,25,0.0,0,0,,,,,,,,,,,,,0.0,0,0,28.333333333333332,30,25,28.333333333333332,30,25,0.0,0,0,0.0,0.0,0.0,28.333333333333332,30.0,25.0,28.333333333333332,30.0,25.0,0.0,0.0,0.0,-1.1333823369378648,0.9943355233307833
69,ins202406050002,0000000072,11,1,0.0833333333333333,0.0,0,47,0.4133263925039042,0.0,1.3701197293076524,5763,7896,12,0,2,1,2,1,4,2,3,1,1724,202406,1,1,202407,0,2,0,0,2,54.833333333333336,0.0,0.5275030366128752,0.0,0,0,28.0,30,26,28.0,30,26,0.0,0,0,,,,,,,,,,,,,0.0,0,0,28.0,30,26,28.0,30,26,0.0,0,0,,,,,,,,,,,,,0.0,0,0,28.0,30,26,28.0,30,26,0.0,0,0,,,,,,,,,,,,,0.0,0,0,28.0,30,26,28.0,30,26,0.0,0,0,,,,,,,,,,,,,-0.35688514909898894,0.1410961073703368
70,ins202406070001,0000000075,12,1,0.0833333333333333,0.0,0,70,0.7941176470588235,0.0,3.2521008403361344,476,1548,12,0,4,1,4,0,2,3,3,2,249,202406,1,1,202407,0,2,0,0,2,10.75,0.0,1.065126050420168,0.0,0,0,28.5,30,27,28.5,30,27,0.0,0,0,,,,,,,,,,,,,0.0,0,0,28.5,30,27,28.5,30,27,0.0,0,0,,,,,,,,,,,,,0.0,0,0,28.5,30,27,28.5,30,27,0.0,0,0,,,,,,,,,,,,,0.0,0,0,28.5,30,27,28.5,30,27,0.0,0,0,,,,,,,,,,,,,0.3592011944797012,-0.37054663723418746
71,ins202405040002,0000000008,12,2,0.1666666666666666,0.0,0,72,0.7855973813420621,0.0,5.1653027823240585,611,3156,12,-2,3,0,4,0,3,2,3,1,217,202405,1,1,202407,-2,3,0,0,3,21.916666666666668,0.0,1.646481178396072,0.0,0,0,29.0,30,27,29.0,30,27,0.0,0,0,,,,,,,,,,,,,0.0,0,0,29.0,30,27,29.0,30,27,0.0,0,0,,,,,,,,,,,,,0.0,0,0,29.0,30,27,29.0,30,27,0.0,0,0,,,,,,,,,,,,,0.0,0,0,29.0,30,27,29.0,30,27,0.0,0,0,0.0,0.0,0.0,29.0,30.0,27.0,29.0,30.0,27.0,0.0,0.0,0.0,-0.9477563777948712,-0.18737721860036088
72,ins202406110001,0000000083,14,1,0.0833333333333333,0.0,0,54,0.3040490341753343,0.0,0.4390787518573551,5384,2364,12,0,2,0,2,0,4,1,2,2,1440,202406,1,1,202407,0,2,0,0,2,16.416666666666668,0.0,0.3406389301634472,0.0,0,0,29.5,30,29,29.5,30,29,0.0,0,0,,,,,,,,,,,,,0.0,0,0,29.5,30,29,29.5,30,29,0.0,0,0,,,,,,,,,,,,,0.0,0,0,29.5,30,29,29.5,30,29,0.0,0,0,,,,,,,,,,,,,0.0,0,0,29.5,30,29,29.5,30,29,0.0,0,0,,,,,,,,,,,,,-2.060761445191307,-0.7072602324292302
73,ins202406250001,0000000111,8,1,0.0416666666666666,0.0,0,54,0.5567991046446559,0.0,2.8875209848908785,1787,5160,24,0,2,0,1,0,4,1,3,2,780,202406,1,1,202407,0,2,0,0,2,8.958333333333334,0.0,0.6771124790151091,0.0,0,0,26.5,30,23,26.5,30,23,0.0,0,0,,,,,,,,,,,,,0.0,0,0,26.5,30,23,26.5,30,23,0.0,0,0,,,,,,,,,,,,,0.0,0,0,26.5,30,23,26.5,30,23,0.0,0,0,,,,,,,,,,,,,0.0,0,0,26.5,30,23,26.5,30,23,0.0,0,0,,,,,,,,,,,,,-1.8972352492784772,0.6461338618713278
74,ins202405050002,0000000010,13,2,0.1666666666666666,0.0,0,52,0.4752010723860589,0.0,0.2010723860589812,8952,1800,12,-2,2,0,2,1,4,1,3,2,4104,202405,1,1,202407,-2,3,0,0,3,12.5,0.0,0.5087131367292225,0.0,0,0,28.333333333333332,30,27,28.333333333333332,30,27,0.0,0,0,,,,,,,,,,,,,0.0,0,0,28.333333333333332,30,27,28.333333333333332,30,27,0.0,0,0,,,,,,,,,,,,,0.0,0,0,28.333333333333332,30,27,28.333333333333332,30,27,0.0,0,0,,,,,,,,,,,,,0.0,0,0,28.333333333333332,30,27,28.333333333333332,30,27,0.0,0,0,0.0,0.0,0.0,28.333333333333332,30.0,27.0,28.333333333333332,30.0,27.0,0.0,0.0,0.0,0.4152090268853366,-0.40388450043176555
75,ins202406150002,0000000092,15,1,0.0277777777777777,0.0,0,63,0.523854961832061,0.0,4.156488549618321,1048,4356,36,0,3,1,4,1,3,3,2,1,428,202406,1,1,202407,0,2,0,0,2,3.361111111111111,0.0,0.6393129770992366,0.0,0,0,30.0,30,30,30.0,30,30,0.0,0,0,,,,,,,,,,,,,0.0,0,0,30.0,30,30,30.0,30,30,0.0,0,0,,,,,,,,,,,,,0.0,0,0,30.0,30,30,30.0,30,30,0.0,0,0,,,,,,,,,,,,,0.0,0,0,30.0,30,30,30.0,30,30,0.0,0,0,,,,,,,,,,,,,0.049261533341470154,-0.13243693540188628
76,ins202406060001,0000000073,15,1,0.0416666666666666,0.0,0,63,0.9563106796116504,0.0,8.446601941747574,412,3480,24,0,2,0,4,0,3,4,3,2,249,202406,1,1,202407,0,2,0,0,2,6.041666666666667,0.0,1.308252427184466,0.0,0,0,30.0,30,30,30.0,30,30,0.0,0,0,,,,,,,,,,,,,0.0,0,0,30.0,30,30,30.0,30,30,0.0,0,0,,,,,,,,,,,,,0.0,0,0,30.0,30,30,30.0,30,30,0.0,0,0,,,,,,,,,,,,,0.0,0,0,30.0,30,30,30.0,30,30,0.0,0,0,,,,,,,,,,,,,0.23549941517786704,-0.18752119487144997
77,ins202405110002,0000000022,7,2,0.1666666666666666,0.0,0,64,0.5440251572327044,0.0,2.537735849056604,1272,3228,12,-2,2,0,4,0,3,3,2,2,423,202405,1,1,202407,-2,3,0,0,3,22.416666666666668,0.0,0.9669811320754716,0.0,0,0,27.333333333333332,30,22,27.333333333333332,30,22,0.0,0,0,,,,,,,,,,,,,0.0,0,0,27.333333333333332,30,22,27.333333333333332,30,22,0.0,0,0,,,,,,,,,,,,,0.0,0,0,27.333333333333332,30,22,27.333333333333332,30,22,0.0,0,0,,,,,,,,,,,,,0.0,0,0,27.333333333333332,30,22,27.333333333333332,30,22,0.0,0,0,0.0,0.0,0.0,27.333333333333332,30.0,22.0,27.333333333333332,30.0,22.0,0.0,0.0,0.0,-1.2359862017272798,1.1879879345511914
78,ins202405240002,0000000048,15,2,0.0555555555555555,0.0,0,55,0.592332268370607,0.0,2.438338658146965,1565,3816,36,-2,3,0,4,1,4,1,3,2,821,202405,1,1,202407,-2,3,0,0,3,2.9444444444444446,0.0,0.7277955271565495,0.0,0,0,30.0,30,30,30.0,30,30,0.0,0,0,,,,,,,,,,,,,0.0,0,0,30.0,30,30,30.0,30,30,0.0,0,0,,,,,,,,,,,,,0.0,0,0,30.0,30,30,30.0,30,30,0.0,0,0,,,,,,,,,,,,,0.0,0,0,30.0,30,30,30.0,30,30,0.0,0,0,0.0,0.0,0.0,30.0,30.0,30.0,30.0,30.0,30.0,0.0,0.0,0.0,0.7648083218033377,0.41983607668246486
79,ins202405030001,0000000005,12,2,0.1666666666666666,0.0,0,60,0.6710593005575266,0.0,1.417131272174354,1973,2796,12,-2,1,1,4,0,2,2,3,2,1091,202405,1,1,202407,-2,3,0,0,3,19.416666666666668,0.0,0.9072478459199188,0.0,0,0,28.666666666666668,30,27,28.666666666666668,30,27,0.0,0,0,,,,,,,,,,,,,0.0,0,0,28.666666666666668,30,27,28.666666666666668,30,27,0.0,0,0,,,,,,,,,,,,,0.0,0,0,28.666666666666668,30,27,28.666666666666668,30,27,0.0,0,0,,,,,,,,,,,,,0.0,0,0,28.666666666666668,30,27,28.666666666666668,30,27,0.0,0,0,0.0,0.0,0.0,28.666666666666668,30.0,27.0,28.666666666666668,30.0,27.0,0.0,0.0,0.0,-0.011640639325692759,-0.34059332876336823
80,ins202406260002,0000000114,13,1,0.0277777777777777,0.0,0,61,0.4578610152784623,0.0,2.004928536224741,2029,4068,36,0,4,0,4,0,2,3,3,2,816,202406,1,1,202407,0,2,0,0,2,3.138888888888889,0.0,0.5135534746180385,0.0,0,0,29.0,30,28,29.0,30,28,0.0,0,0,,,,,,,,,,,,,0.0,0,0,29.0,30,28,29.0,30,28,0.0,0,0,,,,,,,,,,,,,0.0,0,0,29.0,30,28,29.0,30,28,0.0,0,0,,,,,,,,,,,,,0.0,0,0,29.0,30,28,29.0,30,28,0.0,0,0,,,,,,,,,,,,,0.7017597456056688,0.15293513101537723
81,ins202406060002,0000000074,14,1,0.0833333333333333,0.0,0,52,0.6817838246409675,0.0,4.253968253968254,1323,5628,12,0,3,0,1,1,4,2,2,2,433,202406,1,1,202407,0,2,0,0,2,39.083333333333336,0.0,1.036281179138322,0.0,0,0,29.5,30,29,29.5,30,29,0.0,0,0,,,,,,,,,,,,,0.0,0,0,29.5,30,29,29.5,30,29,0.0,0,0,,,,,,,,,,,,,0.0,0,0,29.5,30,29,29.5,30,29,0.0,0,0,,,,,,,,,,,,,0.0,0,0,29.5,30,29,29.5,30,29,0.0,0,0,,,,,,,,,,,,,-1.306130779756697,-0.47121787822494776
82,ins202406140002,0000000090,14,1,0.0833333333333333,0.0,0,64,0.3857724851143842,0.0,0.770918207458477,3191,2460,12,0,3,1,2,0,4,4,3,1,1026,202406,1,1,202407,0,2,0,0,2,17.083333333333332,0.0,0.4500156690692573,0.0,0,0,29.5,30,29,29.5,30,29,0.0,0,0,,,,,,,,,,,,,0.0,0,0,29.5,30,29,29.5,30,29,0.0,0,0,,,,,,,,,,,,,0.0,0,0,29.5,30,29,29.5,30,29,0.0,0,0,,,,,,,,,,,,,0.0,0,0,29.5,30,29,29.5,30,29,0.0,0,0,,,,,,,,,,,,,0.2137487756912732,1.1574380924485672
83,ins202405170002,0000000034,14,2,0.1666666666666666,0.0,0,51,0.6593635889410537,0.0,1.4522691705790298,1917,2784,12,-2,2,0,3,1,4,3,3,2,1032,202405,1,1,202407,-2,3,0,0,3,19.33333333333333,0.0,0.9014084507042254,0.0,0,0,29.666666666666668,30,29,29.666666666666668,30,29,0.0,0,0,,,,,,,,,,,,,0.0,0,0,29.666666666666668,30,29,29.666666666666668,30,29,0.0,0,0,,,,,,,,,,,,,0.0,0,0,29.666666666666668,30,29,29.666666666666668,30,29,0.0,0,0,,,,,,,,,,,,,0.0,0,0,29.666666666666668,30,29,29.666666666666668,30,29,0.0,0,0,0.0,0.0,0.0,29.666666666666668,30.0,29.0,29.666666666666668,30.0,29.0,0.0,0.0,0.0,0.8679130754903059,-1.1650631875904365
84,ins202406150001,0000000091,15,1,0.0833333333333333,0.0,0,54,0.5343597446488922,0.0,1.1941419451746151,2663,3180,12,0,2,0,3,0,2,2,3,2,1158,202406,1,1,202407,0,2,0,0,2,22.08333333333333,0.0,0.6338715734134435,0.0,0,0,30.0,30,30,30.0,30,30,0.0,0,0,,,,,,,,,,,,,0.0,0,0,30.0,30,30,30.0,30,30,0.0,0,0,,,,,,,,,,,,,0.0,0,0,30.0,30,30,30.0,30,30,0.0,0,0,,,,,,,,,,,,,0.0,0,0,30.0,30,30,30.0,30,30,0.0,0,0,,,,,,,,,,,,,-1.639102309981299,-0.9193526982226491
85,ins202405060002,0000000012,15,2,0.1666666666666666,0.0,0,51,0.2668184117349519,0.0,0.7890743550834598,3954,3120,12,-2,2,0,3,1,4,2,2,1,795,202405,1,1,202407,-2,3,0,0,3,21.666666666666668,0.0,0.3983308042488619,0.0,0,0,30.0,30,30,30.0,30,30,0.0,0,0,,,,,,,,,,,,,0.0,0,0,30.0,30,30,30.0,30,30,0.0,0,0,,,,,,,,,,,,,0.0,0,0,30.0,30,30,30.0,30,30,0.0,0,0,,,,,,,,,,,,,0.0,0,0,30.0,30,30,30.0,30,30,0.0,0,0,0.0,0.0,0.0,30.0,30.0,30.0,30.0,30.0,30.0,0.0,0.0,0.0,-2.1174342027026007,0.9354085668436612
86,ins202406030002,0000000068,12,1,0.0277777777777777,0.0,0,65,0.757085020242915,0.0,6.704453441295547,741,4968,36,0,1,0,4,0,3,2,3,2,423,202406,1,1,202407,0,2,0,0,2,3.8333333333333335,0.0,0.9433198380566802,0.0,0,0,28.5,30,27,28.5,30,27,0.0,0,0,,,,,,,,,,,,,0.0,0,0,28.5,30,27,28.5,30,27,0.0,0,0,,,,,,,,,,,,,0.0,0,0,28.5,30,27,28.5,30,27,0.0,0,0,,,,,,,,,,,,,0.0,0,0,28.5,30,27,28.5,30,27,0.0,0,0,,,,,,,,,,,,,-1.1274837024500552,0.881473395900435
87,ins202405190002,0000000038,14,2,0.1666666666666666,0.0,0,55,0.5765253360910031,0.0,1.81799379524302,1934,3516,12,-2,2,1,4,0,4,3,3,2,822,202405,1,1,202407,-2,3,0,0,3,24.416666666666668,0.0,0.8795243019648397,0.0,0,0,29.0,30,28,29.0,30,28,0.0,0,0,,,,,,,,,,,,,0.0,0,0,29.0,30,28,29.0,30,28,0.0,0,0,,,,,,,,,,,,,0.0,0,0,29.0,30,28,29.0,30,28,0.0,0,0,,,,,,,,,,,,,0.0,0,0,29.0,30,28,29.0,30,28,0.0,0,0,0.0,0.0,0.0,29.0,30.0,28.0,29.0,30.0,28.0,0.0,0.0,0.0,1.1671279057490924,-0.5832669827130719
88,ins202405040001,0000000007,13,2,0.0833333333333333,0.0,0,64,0.572064552031163,0.0,4.393989983305509,1797,7896,24,-2,3,0,4,0,2,2,3,2,699,202405,1,1,202407,-2,3,0,0,3,13.708333333333334,0.0,0.9382303839732888,0.0,0,0,29.333333333333332,30,28,29.333333333333332,30,28,0.0,0,0,,,,,,,,,,,,,0.0,0,0,29.333333333333332,30,28,29.333333333333332,30,28,0.0,0,0,,,,,,,,,,,,,0.0,0,0,29.333333333333332,30,28,29.333333333333332,30,28,0.0,0,0,,,,,,,,,,,,,0.0,0,0,29.333333333333332,30,28,29.333333333333332,30,28,0.0,0,0,0.0,0.0,0.0,29.333333333333332,30.0,28.0,29.333333333333332,30.0,28.0,0.0,0.0,0.0,-0.2912390782668187,1.5850087480437836
89,ins202406100002,0000000082,15,0,0.0,0.0833333333333333,1,57,0.4965309200603318,0.0512820512820512,0.6153846153846154,3315,2040,12,0,3,1,3,0,4,4,3,1,1476,202406,1,2,202407,0,2,0,0,2,14.166666666666666,0.0416666666666666,0.5478129713423832,0.5,1,0,30.0,30,30,30.0,30,30,0.5,1,0,,,,,,,,,,,,,0.5,1,0,30.0,30,30,30.0,30,30,0.5,1,0,,,,,,,,,,,,,0.5,1,0,30.0,30,30,30.0,30,30,0.5,1,0,,,,,,,,,,,,,0.5,1,0,30.0,30,30,30.0,30,30,0.5,1,0,,,,,,,,,,,,,0.7127663297450085,-0.8191352201433807
90,ins202406250002,0000000112,15,0,0.0,0.0833333333333333,1,55,0.5697074010327022,0.0883534136546184,1.0602409638554218,3486,3696,12,0,2,0,3,0,4,2,3,2,1678,202406,1,2,202407,0,2,0,0,2,25.666666666666668,0.0416666666666666,0.6580608146873207,0.5,1,0,30.0,30,30,30.0,30,30,0.5,1,0,,,,,,,,,,,,,0.5,1,0,30.0,30,30,30.0,30,30,0.5,1,0,,,,,,,,,,,,,0.5,1,0,30.0,30,30,30.0,30,30,0.5,1,0,,,,,,,,,,,,,0.5,1,0,30.0,30,30,30.0,30,30,0.5,1,0,,,,,,,,,,,,,0.5651254165706892,-1.4699782343511154
91,ins202405310002,0000000062,12,2,0.0833333333333333,0.0,0,64,0.7429111531190926,0.0,6.646502835538753,1058,7032,24,-2,2,0,4,0,4,3,3,2,493,202405,1,1,202407,-2,3,0,0,3,12.208333333333334,0.0,1.2967863894139886,0.0,0,0,29.0,30,27,29.0,30,27,0.0,0,0,,,,,,,,,,,,,0.0,0,0,29.0,30,27,29.0,30,27,0.0,0,0,,,,,,,,,,,,,0.0,0,0,29.0,30,27,29.0,30,27,0.0,0,0,,,,,,,,,,,,,0.0,0,0,29.0,30,27,29.0,30,27,0.0,0,0,0.0,0.0,0.0,29.0,30.0,27.0,29.0,30.0,27.0,0.0,0.0,0.0,0.30952742444859865,0.9262993053669651
92,ins202406130002,0000000088,15,0,0.0,0.0277777777777777,1,56,0.6084995663486557,0.0398959236773634,1.4362532523850824,5765,8280,36,0,3,0,2,0,4,3,3,2,3278,202406,1,2,202407,0,2,0,0,2,6.388888888888889,0.0138888888888888,0.648395490026019,0.5,1,0,30.0,30,30,30.0,30,30,0.5,1,0,,,,,,,,,,,,,0.5,1,0,30.0,30,30,30.0,30,30,0.5,1,0,,,,,,,,,,,,,0.5,1,0,30.0,30,30,30.0,30,30,0.5,1,0,,,,,,,,,,,,,0.5,1,0,30.0,30,30,30.0,30,30,0.5,1,0,,,,,,,,,,,,,0.3805157596180408,-1.886351281672043
93,ins202405100002,0000000020,15,1,0.0833333333333333,0.0833333333333333,1,52,0.3379452458051221,0.0370915513688548,0.4450986164262585,3397,1512,12,-2,1,0,3,2,4,3,3,1,1022,202405,1,2,202407,-2,3,0,0,3,10.5,0.0277777777777777,0.4121283485428319,0.3333333333333333,1,0,30.0,30,30,30.0,30,30,0.3333333333333333,1,0,,,,,,,,,,,,,0.3333333333333333,1,0,30.0,30,30,30.0,30,30,0.3333333333333333,1,0,,,,,,,,,,,,,0.3333333333333333,1,0,30.0,30,30,30.0,30,30,0.3333333333333333,1,0,,,,,,,,,,,,,0.3333333333333333,1,0,30.0,30,30,30.0,30,30,0.3333333333333333,1,0,0.3333333333333333,1.0,0.0,30.0,30.0,30.0,30.0,30.0,30.0,0.3333333333333333,1.0,0.0,-0.15158268801619387,-1.515014515740743
94,ins202405010002,0000000002,15,1,0.0833333333333333,0.0833333333333333,1,52,0.6195462478184991,0.2018615474112856,2.4223385689354275,1719,4164,12,-2,4,1,1,0,2,4,3,2,718,202405,1,2,202407,-2,3,0,0,3,28.916666666666668,0.0277777777777777,1.0232693426410704,0.3333333333333333,1,0,29.333333333333332,30,28,29.333333333333332,30,28,0.3333333333333333,1,0,,,,,,,,,,,,,0.3333333333333333,1,0,29.333333333333332,30,28,29.333333333333332,30,28,0.3333333333333333,1,0,,,,,,,,,,,,,0.3333333333333333,1,0,29.333333333333332,30,28,29.333333333333332,30,28,0.3333333333333333,1,0,,,,,,,,,,,,,0.3333333333333333,1,0,29.333333333333332,30,28,29.333333333333332,30,28,0.3333333333333333,1,0,0.3333333333333333,1.0,0.0,29.333333333333332,30.0,28.0,29.333333333333332,30.0,28.0,0.3333333333333333,1.0,0.0,-0.03008768003455564,-2.316566777199947
95,ins202406200002,0000000102,15,0,0.0,0.0277777777777777,1,53,0.7462473195139385,0.0922087205146533,3.31951393852752,1399,4644,36,0,3,0,4,0,4,3,3,2,915,202406,1,2,202407,0,2,0,0,2,3.583333333333333,0.0138888888888888,0.8384560400285919,0.5,1,0,30.0,30,30,30.0,30,30,0.5,1,0,,,,,,,,,,,,,0.5,1,0,30.0,30,30,30.0,30,30,0.5,1,0,,,,,,,,,,,,,0.5,1,0,30.0,30,30,30.0,30,30,0.5,1,0,,,,,,,,,,,,,0.5,1,0,30.0,30,30,30.0,30,30,0.5,1,0,,,,,,,,,,,,,1.0758342023709009,-0.928035679056233
96,ins202406300001,0000000121,15,0,0.0,0.0833333333333333,1,47,0.7068062827225131,0.0540014958863126,0.6480179506357517,6685,4332,12,0,4,0,2,1,4,3,3,2,4364,202406,1,2,202407,0,2,0,0,2,30.08333333333333,0.0416666666666666,0.7608077786088258,0.5,1,0,30.0,30,30,30.0,30,30,0.5,1,0,,,,,,,,,,,,,0.5,1,0,30.0,30,30,30.0,30,30,0.5,1,0,,,,,,,,,,,,,0.5,1,0,30.0,30,30,30.0,30,30,0.5,1,0,,,,,,,,,,,,,0.5,1,0,30.0,30,30,30.0,30,30,0.5,1,0,,,,,,,,,,,,,1.069337582409273,-1.388338147495388
97,ins202406020002,0000000066,15,0,0.0,0.0277777777777777,1,53,1.204391891891892,0.8141891891891891,29.31081081081081,592,17352,36,0,3,1,4,0,4,4,3,2,231,202406,1,2,202407,0,2,0,0,2,13.38888888888889,0.0138888888888888,2.018581081081081,0.5,1,0,30.0,30,30,30.0,30,30,0.5,1,0,,,,,,,,,,,,,0.5,1,0,30.0,30,30,30.0,30,30,0.5,1,0,,,,,,,,,,,,,0.5,1,0,30.0,30,30,30.0,30,30,0.5,1,0,,,,,,,,,,,,,0.5,1,0,30.0,30,30,30.0,30,30,0.5,1,0,,,,,,,,,,,,,2.105994622315576,-1.726368365076803
98,ins202405090002,0000000018,15,1,0.0833333333333333,0.0833333333333333,1,57,0.9849086576648134,0.4670373312152502,5.604447974583002,1259,7056,12,-2,1,0,4,1,4,2,3,2,652,202405,1,2,202407,-2,3,0,0,3,49.0,0.0277777777777777,1.9189833200953137,0.3333333333333333,1,0,29.0,30,27,29.0,30,27,0.3333333333333333,1,0,,,,,,,,,,,,,0.3333333333333333,1,0,29.0,30,27,29.0,30,27,0.3333333333333333,1,0,,,,,,,,,,,,,0.3333333333333333,1,0,29.0,30,27,29.0,30,27,0.3333333333333333,1,0,,,,,,,,,,,,,0.3333333333333333,1,0,29.0,30,27,29.0,30,27,0.3333333333333333,1,0,0.3333333333333333,1.0,0.0,29.0,30.0,27.0,29.0,30.0,27.0,0.3333333333333333,1.0,0.0,0.4558869947641644,-1.9921922911196295
99,ins202405070001,0000000013,15,1,0.0833333333333333,0.0833333333333333,1,58,0.7393648891551827,0.1623726782504493,1.9484721390053923,1669,3252,12,-2,2,0,4,0,4,3,3,2,963,202405,1,2,202407,-2,3,0,0,3,22.58333333333333,0.0277777777777777,1.0641102456560816,0.3333333333333333,1,0,30.0,30,30,30.0,30,30,0.3333333333333333,1,0,,,,,,,,,,,,,0.3333333333333333,1,0,30.0,30,30,30.0,30,30,0.3333333333333333,1,0,,,,,,,,,,,,,0.3333333333333333,1,0,30.0,30,30,30.0,30,30,0.3333333333333333,1,0,,,,,,,,,,,,,0.3333333333333333,1,0,30.0,30,30,30.0,30,30,0.3333333333333333,1,0,0.3333333333333333,1.0,0.0,30.0,30.0,30.0,30.0,30.0,30.0,0.3333333333333333,1.0,0.0,0.8895619680438174,-1.5408910143994075
100,ins202405210002,0000000042,15,1,0.0277777777777777,0.0277777777777777,1,67,0.6226575809199318,0.2120954003407155,7.6354344122657585,2348,17928,36,-2,4,0,3,1,2,2,3,2,964,202405,1,2,202407,-2,3,0,0,3,13.833333333333334,0.0092592592592592,1.046848381601363,0.3333333333333333,1,0,30.0,30,30,30.0,30,30,0.3333333333333333,1,0,,,,,,,,,,,,,0.3333333333333333,1,0,30.0,30,30,30.0,30,30,0.3333333333333333,1,0,,,,,,,,,,,,,0.3333333333333333,1,0,30.0,30,30,30.0,30,30,0.3333333333333333,1,0,,,,,,,,,,,,,0.3333333333333333,1,0,30.0,30,30,30.0,30,30,0.3333333333333333,1,0,0.3333333333333333,1.0,0.0,30.0,30.0,30.0,30.0,30.0,30.0,0.3333333333333333,1.0,0.0,0.017442922091704994,-1.3764449333890172
101,ins202406230002,0000000108,15,0,0.0,0.0833333333333333,1,62,0.3776806989674344,0.0651310563939634,0.7815726767275616,2518,1968,12,0,2,0,3,0,2,3,3,1,787,202406,1,2,202407,0,2,0,0,2,13.666666666666666,0.0416666666666666,0.4428117553613979,0.5,1,0,30.0,30,30,30.0,30,30,0.5,1,0,,,,,,,,,,,,,0.5,1,0,30.0,30,30,30.0,30,30,0.5,1,0,,,,,,,,,,,,,0.5,1,0,30.0,30,30,30.0,30,30,0.5,1,0,,,,,,,,,,,,,0.5,1,0,30.0,30,30,30.0,30,30,0.5,1,0,,,,,,,,,,,,,-1.2679379521223046,-1.5199304830852534
102,ins202406010001,0000000063,15,0,0.0,0.0833333333333333,1,55,0.6115282150641802,0.0794381206103172,0.9532574473238072,4129,3936,12,0,2,1,1,0,4,2,3,2,2197,202406,1,2,202407,0,2,0,0,2,27.33333333333333,0.0416666666666666,0.6909663356744975,0.5,1,0,30.0,30,30,30.0,30,30,0.5,1,0,,,,,,,,,,,,,0.5,1,0,30.0,30,30,30.0,30,30,0.5,1,0,,,,,,,,,,,,,0.5,1,0,30.0,30,30,30.0,30,30,0.5,1,0,,,,,,,,,,,,,0.5,1,0,30.0,30,30,30.0,30,30,0.5,1,0,,,,,,,,,,,,,-0.9661180349894918,-1.906763748126451
103,ins202406160001,0000000093,15,0,0.0,0.0416666666666666,1,61,0.6645626690712354,0.1148181544935377,2.755635707844905,3327,9168,24,0,2,0,3,0,3,2,3,2,1829,202406,1,2,202407,0,2,0,0,2,15.916666666666666,0.0208333333333333,0.7793808235647731,0.5,1,0,30.0,30,30,30.0,30,30,0.5,1,0,,,,,,,,,,,,,0.5,1,0,30.0,30,30,30.0,30,30,0.5,1,0,,,,,,,,,,,,,0.5,1,0,30.0,30,30,30.0,30,30,0.5,1,0,,,,,,,,,,,,,0.5,1,0,30.0,30,30,30.0,30,30,0.5,1,0,,,,,,,,,,,,,-1.1449659382324797,-1.6518913061530356
104,ins202405250001,0000000049,15,1,0.0416666666666666,0.0416666666666666,1,65,1.028860028860029,0.4891774891774891,11.74025974025974,693,8136,24,-2,4,0,4,0,2,4,3,2,374,202405,1,2,202407,-2,3,0,0,3,14.125,0.0138888888888888,2.0072150072150072,0.3333333333333333,1,0,29.333333333333332,30,28,29.333333333333332,30,28,0.3333333333333333,1,0,,,,,,,,,,,,,0.3333333333333333,1,0,29.333333333333332,30,28,29.333333333333332,30,28,0.3333333333333333,1,0,,,,,,,,,,,,,0.3333333333333333,1,0,29.333333333333332,30,28,29.333333333333332,30,28,0.3333333333333333,1,0,,,,,,,,,,,,,0.3333333333333333,1,0,29.333333333333332,30,28,29.333333333333332,30,28,0.3333333333333333,1,0,0.3333333333333333,1.0,0.0,29.333333333333332,30.0,28.0,29.333333333333332,30.0,28.0,0.3333333333333333,1.0,0.0,0.40472640124831594,-2.364782467745487
105,ins202406300002,0000000122,15,0,0.0,0.0416666666666666,1,52,0.3851874806321661,0.2051440966842268,4.923458320421444,3227,15888,24,0,2,1,2,0,4,1,2,1,581,202406,1,2,202407,0,2,0,0,2,27.58333333333333,0.0208333333333333,0.590331577316393,0.5,1,0,30.0,30,30,30.0,30,30,0.5,1,0,,,,,,,,,,,,,0.5,1,0,30.0,30,30,30.0,30,30,0.5,1,0,,,,,,,,,,,,,0.5,1,0,30.0,30,30,30.0,30,30,0.5,1,0,,,,,,,,,,,,,0.5,1,0,30.0,30,30,30.0,30,30,0.5,1,0,,,,,,,,,,,,,-2.271614672076783,-1.0420818657666735
106,ins202406180001,0000000097,15,0,0.0,0.0277777777777777,1,58,0.965865992414665,0.404551201011378,14.563843236409609,791,11520,36,0,3,1,4,0,2,1,3,2,444,202406,1,2,202407,0,2,0,0,2,8.88888888888889,0.0138888888888888,1.370417193426043,0.5,1,0,30.0,30,30,30.0,30,30,0.5,1,0,,,,,,,,,,,,,0.5,1,0,30.0,30,30,30.0,30,30,0.5,1,0,,,,,,,,,,,,,0.5,1,0,30.0,30,30,30.0,30,30,0.5,1,0,,,,,,,,,,,,,0.5,1,0,30.0,30,30,30.0,30,30,0.5,1,0,,,,,,,,,,,,,0.18659846964666624,-1.311590688150557
107,ins202406270002,0000000116,15,0,0.0,0.0833333333333333,1,45,0.4414776149367597,0.0756876129291306,0.9082513551495685,4981,4524,12,0,3,0,2,1,4,2,2,2,1822,202406,1,2,202407,0,2,0,0,2,31.416666666666668,0.0416666666666666,0.5171652278658904,0.5,1,0,30.0,30,30,30.0,30,30,0.5,1,0,,,,,,,,,,,,,0.5,1,0,30.0,30,30,30.0,30,30,0.5,1,0,,,,,,,,,,,,,0.5,1,0,30.0,30,30,30.0,30,30,0.5,1,0,,,,,,,,,,,,,0.5,1,0,30.0,30,30,30.0,30,30,0.5,1,0,,,,,,,,,,,,,-1.3070308990192587,-1.1783607617866845
108,ins202406220002,0000000106,15,0,0.0,0.0416666666666666,1,61,1.1212938005390836,0.7870619946091644,18.889487870619945,371,7008,24,0,1,0,4,0,4,2,3,1,124,202406,1,2,202407,0,2,0,0,2,12.166666666666666,0.0208333333333333,1.908355795148248,0.5,1,0,30.0,30,30,30.0,30,30,0.5,1,0,,,,,,,,,,,,,0.5,1,0,30.0,30,30,30.0,30,30,0.5,1,0,,,,,,,,,,,,,0.5,1,0,30.0,30,30,30.0,30,30,0.5,1,0,,,,,,,,,,,,,0.5,1,0,30.0,30,30,30.0,30,30,0.5,1,0,,,,,,,,,,,,,-0.5929399841305768,-2.3500883219772293
109,ins202405240001,0000000047,12,2,0.0555555555555555,0.0,0,60,0.4659606656580938,0.0,2.505295007564297,1983,4968,36,-2,2,0,3,0,2,2,3,2,786,202405,1,7,202407,-2,3,0,0,3,3.8333333333333335,0.0092592592592592,0.6051437216338881,0.3333333333333333,1,0,29.0,30,27,29.0,30,27,0.3333333333333333,1,0,,,,,,,,,,,,,0.3333333333333333,1,0,29.0,30,27,29.0,30,27,0.3333333333333333,1,0,,,,,,,,,,,,,0.3333333333333333,1,0,29.0,30,27,29.0,30,27,0.3333333333333333,1,0,,,,,,,,,,,,,0.3333333333333333,1,0,29.0,30,27,29.0,30,27,0.3333333333333333,1,0,0.3333333333333333,1.0,0.0,29.0,30.0,27.0,29.0,30.0,27.0,0.3333333333333333,1.0,0.0,-1.708765810776936,-1.2407866493883373
110,ins202405150002,0000000030,14,2,0.0555555555555555,0.0,0,58,0.6098484848484849,0.0,8.415584415584416,1848,15552,36,-2,2,1,1,0,2,2,3,2,695,202405,1,7,202407,-2,3,0,0,3,12.0,0.0092592592592592,1.0773809523809523,0.3333333333333333,1,0,29.666666666666668,30,29,29.666666666666668,30,29,0.3333333333333333,1,0,,,,,,,,,,,,,0.3333333333333333,1,0,29.666666666666668,30,29,29.666666666666668,30,29,0.3333333333333333,1,0,,,,,,,,,,,,,0.3333333333333333,1,0,29.666666666666668,30,29,29.666666666666668,30,29,0.3333333333333333,1,0,,,,,,,,,,,,,0.3333333333333333,1,0,29.666666666666668,30,29,29.666666666666668,30,29,0.3333333333333333,1,0,0.3333333333333333,1.0,0.0,29.666666666666668,30.0,29.0,29.666666666666668,30.0,29.0,0.3333333333333333,1.0,0.0,-1.8525730926004977,-1.842240943170838
111,ins202405130001,0000000025,10,2,0.0833333333333333,0.0,0,62,0.470155836518671,0.0,2.04645692443399,3401,6960,24,-2,4,1,3,0,2,1,3,2,1309,202405,1,7,202407,-2,3,0,0,3,12.083333333333334,0.0138888888888888,0.6406939135548368,0.3333333333333333,1,0,28.333333333333332,30,25,28.333333333333332,30,25,0.3333333333333333,1,0,,,,,,,,,,,,,0.3333333333333333,1,0,28.333333333333332,30,25,28.333333333333332,30,25,0.3333333333333333,1,0,,,,,,,,,,,,,0.3333333333333333,1,0,28.333333333333332,30,25,28.333333333333332,30,25,0.3333333333333333,1,0,,,,,,,,,,,,,0.3333333333333333,1,0,28.333333333333332,30,25,28.333333333333332,30,25,0.3333333333333333,1,0,0.3333333333333333,1.0,0.0,28.333333333333332,30.0,25.0,28.333333333333332,30.0,25.0,0.3333333333333333,1.0,0.0,-0.1792262889957801,-0.18161317914917088
112,ins202405080002,0000000016,8,1,0.0277777777777777,0.0277777777777777,1,54,0.6150089951169365,0.1310717039321511,4.7185813415574405,3891,18360,36,-2,1,1,3,0,4,2,3,2,1883,202405,1,2,202407,-2,3,0,0,3,14.166666666666666,0.0185185185185185,0.8771524029812388,0.6666666666666666,1,0,27.666666666666668,30,23,27.666666666666668,30,23,0.6666666666666666,1,0,,,,,,,,,,,,,0.6666666666666666,1,0,27.666666666666668,30,23,27.666666666666668,30,23,0.6666666666666666,1,0,,,,,,,,,,,,,0.6666666666666666,1,0,27.666666666666668,30,23,27.666666666666668,30,23,0.6666666666666666,1,0,,,,,,,,,,,,,0.6666666666666666,1,0,27.666666666666668,30,23,27.666666666666668,30,23,0.6666666666666666,1,0,0.6666666666666666,1.0,0.0,27.666666666666668,30.0,23.0,27.666666666666668,30.0,23.0,0.6666666666666666,1.0,0.0,0.21669261105587612,-1.7465841459502014
113,ins202405130002,0000000026,11,1,0.0416666666666666,0.0416666666666666,1,61,1.897196261682243,1.4236760124610592,34.16822429906542,321,10968,24,-2,2,0,4,0,4,3,3,2,152,202405,1,2,202407,-2,3,0,0,3,19.041666666666668,0.0277777777777777,4.744548286604362,0.6666666666666666,1,0,28.666666666666668,30,26,28.666666666666668,30,26,0.6666666666666666,1,0,,,,,,,,,,,,,0.6666666666666666,1,0,28.666666666666668,30,26,28.666666666666668,30,26,0.6666666666666666,1,0,,,,,,,,,,,,,0.6666666666666666,1,0,28.666666666666668,30,26,28.666666666666668,30,26,0.6666666666666666,1,0,,,,,,,,,,,,,0.6666666666666666,1,0,28.666666666666668,30,26,28.666666666666668,30,26,0.6666666666666666,1,0,0.6666666666666666,1.0,0.0,28.666666666666668,30.0,26.0,28.666666666666668,30.0,26.0,0.6666666666666666,1.0,0.0,-0.3959922117766955,-1.9433380732177676
114,ins202405270002,0000000054,13,1,0.0833333333333333,0.0833333333333333,1,59,1.4892703862660943,0.8497854077253219,10.197424892703864,466,4752,12,-2,3,1,4,0,2,3,3,2,298,202405,1,2,202407,-2,3,0,0,3,33.0,0.0555555555555555,3.188841201716738,0.6666666666666666,1,0,29.333333333333332,30,28,29.333333333333332,30,28,0.6666666666666666,1,0,,,,,,,,,,,,,0.6666666666666666,1,0,29.333333333333332,30,28,29.333333333333332,30,28,0.6666666666666666,1,0,,,,,,,,,,,,,0.6666666666666666,1,0,29.333333333333332,30,28,29.333333333333332,30,28,0.6666666666666666,1,0,,,,,,,,,,,,,0.6666666666666666,1,0,29.333333333333332,30,28,29.333333333333332,30,28,0.6666666666666666,1,0,0.6666666666666666,1.0,0.0,29.333333333333332,30.0,28.0,29.333333333333332,30.0,28.0,0.6666666666666666,1.0,0.0,-0.27362647283075114,-2.378651262194371
115,ins202405280001,0000000055,12,1,0.0416666666666666,0.0416666666666666,1,54,0.4303017424564386,0.0335741606459838,0.8057798555036124,9412,7584,24,-2,1,0,2,0,2,2,3,1,3734,202405,1,2,202407,-2,3,0,0,3,13.166666666666666,0.0277777777777777,0.4974500637484063,0.6666666666666666,1,0,29.0,30,27,29.0,30,27,0.6666666666666666,1,0,,,,,,,,,,,,,0.6666666666666666,1,0,29.0,30,27,29.0,30,27,0.6666666666666666,1,0,,,,,,,,,,,,,0.6666666666666666,1,0,29.0,30,27,29.0,30,27,0.6666666666666666,1,0,,,,,,,,,,,,,0.6666666666666666,1,0,29.0,30,27,29.0,30,27,0.6666666666666666,1,0,0.6666666666666666,1.0,0.0,29.0,30.0,27.0,29.0,30.0,27.0,0.6666666666666666,1.0,0.0,-2.110191549778242,-2.117719932969176
116,ins202405290002,0000000058,15,1,0.0833333333333333,0.0833333333333333,1,57,0.5642615558060879,0.080608793686584,0.9673055242390078,1774,1716,12,-2,1,0,1,0,2,3,3,2,858,202405,1,2,202407,-2,3,0,0,3,11.916666666666666,0.0555555555555555,0.7254791431792559,0.6666666666666666,1,0,30.0,30,30,30.0,30,30,0.6666666666666666,1,0,,,,,,,,,,,,,0.6666666666666666,1,0,30.0,30,30,30.0,30,30,0.6666666666666666,1,0,,,,,,,,,,,,,0.6666666666666666,1,0,30.0,30,30,30.0,30,30,0.6666666666666666,1,0,,,,,,,,,,,,,0.6666666666666666,1,0,30.0,30,30,30.0,30,30,0.6666666666666666,1,0,0.6666666666666666,1.0,0.0,30.0,30.0,30.0,30.0,30.0,30.0,0.6666666666666666,1.0,0.0,-2.2625492900460977,-2.9592848845394055
117,ins202405190001,0000000037,13,1,0.0277777777777777,0.0277777777777777,1,50,0.3272833723653395,0.0204918032786885,0.7377049180327869,5124,3780,36,-2,1,1,2,0,2,4,3,1,1572,202405,1,2,202407,-2,3,0,0,3,2.9166666666666665,0.0185185185185185,0.3682669789227166,0.6666666666666666,1,0,29.333333333333332,30,28,29.333333333333332,30,28,0.6666666666666666,1,0,,,,,,,,,,,,,0.6666666666666666,1,0,29.333333333333332,30,28,29.333333333333332,30,28,0.6666666666666666,1,0,,,,,,,,,,,,,0.6666666666666666,1,0,29.333333333333332,30,28,29.333333333333332,30,28,0.6666666666666666,1,0,,,,,,,,,,,,,0.6666666666666666,1,0,29.333333333333332,30,28,29.333333333333332,30,28,0.6666666666666666,1,0,0.6666666666666666,1.0,0.0,29.333333333333332,30.0,28.0,29.333333333333332,30.0,28.0,0.6666666666666666,1.0,0.0,-1.084970947458987,-2.2024738665754695
118,ins202405020001,0000000003,13,1,0.0277777777777777,0.0277777777777777,1,49,0.5137344669718771,0.0938521909744931,3.3786788750817527,3058,10332,36,-2,1,1,3,0,1,3,3,2,1284,202405,1,2,202407,-2,3,0,0,3,7.972222222222222,0.0185185185185185,0.7014388489208633,0.6666666666666666,1,0,29.333333333333332,30,28,29.333333333333332,30,28,0.6666666666666666,1,0,,,,,,,,,,,,,0.6666666666666666,1,0,29.333333333333332,30,28,29.333333333333332,30,28,0.6666666666666666,1,0,,,,,,,,,,,,,0.6666666666666666,1,0,29.333333333333332,30,28,29.333333333333332,30,28,0.6666666666666666,1,0,,,,,,,,,,,,,0.6666666666666666,1,0,29.333333333333332,30,28,29.333333333333332,30,28,0.6666666666666666,1,0,0.6666666666666666,1.0,0.0,29.333333333333332,30.0,28.0,29.333333333333332,30.0,28.0,0.6666666666666666,1.0,0.0,-1.3964972870279548,-2.571948181789577
119,ins202405080001,0000000015,14,1,0.0277777777777777,0.0277777777777777,1,69,1.334101382488479,0.8732718894009217,31.43778801843318,434,13644,36,-2,3,0,4,0,3,3,3,2,200,202405,1,2,202407,-2,3,0,0,3,10.52777777777778,0.0185185185185185,3.0806451612903225,0.6666666666666666,1,0,29.666666666666668,30,29,29.666666666666668,30,29,0.6666666666666666,1,0,,,,,,,,,,,,,0.6666666666666666,1,0,29.666666666666668,30,29,29.666666666666668,30,29,0.6666666666666666,1,0,,,,,,,,,,,,,0.6666666666666666,1,0,29.666666666666668,30,29,29.666666666666668,30,29,0.6666666666666666,1,0,,,,,,,,,,,,,0.6666666666666666,1,0,29.666666666666668,30,29,29.666666666666668,30,29,0.6666666666666666,1,0,0.6666666666666666,1.0,0.0,29.666666666666668,30.0,29.0,29.666666666666668,30.0,29.0,0.6666666666666666,1.0,0.0,0.7295791425849163,-3.7858132071366963
120,ins202405220001,0000000043,15,0,0.0,0.1666666666666666,2,56,0.4693333333333333,0.0401777777777777,0.2410666666666666,5625,1356,12,-2,1,1,2,0,2,3,3,2,2527,202405,1,2,202407,-2,3,0,0,3,9.416666666666666,0.0555555555555555,0.5095111111111111,1.0,2,0,30.0,30,30,30.0,30,30,1.0,2,0,,,,,,,,,,,,,1.0,2,0,30.0,30,30,30.0,30,30,1.0,2,0,,,,,,,,,,,,,1.0,2,0,30.0,30,30,30.0,30,30,1.0,2,0,,,,,,,,,,,,,1.0,2,0,30.0,30,30,30.0,30,30,1.0,2,0,1.0,2.0,0.0,30.0,30.0,30.0,30.0,30.0,30.0,1.0,2.0,0.0,-0.5046773691409902,-3.456607496064402
121,ins202405270001,0000000053,15,0,0.0,0.1666666666666666,2,57,0.4997130285058351,0.2242203941075186,1.345322364645112,5227,7032,12,-2,2,0,2,0,4,2,3,2,2026,202405,1,2,202407,-2,3,0,0,3,48.833333333333336,0.0555555555555555,0.7239334226133537,1.0,2,0,30.0,30,30,30.0,30,30,1.0,2,0,,,,,,,,,,,,,1.0,2,0,30.0,30,30,30.0,30,30,1.0,2,0,,,,,,,,,,,,,1.0,2,0,30.0,30,30,30.0,30,30,1.0,2,0,,,,,,,,,,,,,1.0,2,0,30.0,30,30,30.0,30,30,1.0,2,0,1.0,2.0,0.0,30.0,30.0,30.0,30.0,30.0,30.0,1.0,2.0,0.0,-0.2684959595316632,-4.101940638868484
122,ins202407010001,0000000123,15,0,0.0,0.0,0,70,0.6380552220888356,0.0,3.95438175270108,1666,6588,36,1,4,0,4,0,2,3,3,2,880,202407,1,1,202407,1,1,0,0,1,5.083333333333333,0.0,0.6380552220888356,0.0,0,0,30.0,30,30,30.0,30,30,0.0,0,0,,,,,,,,,,,,,0.0,0,0,30.0,30,30,30.0,30,30,0.0,0,0,,,,,,,,,,,,,0.0,0,0,30.0,30,30,30.0,30,30,0.0,0,0,,,,,,,,,,,,,0.0,0,0,30.0,30,30,30.0,30,30,0.0,0,0,,,,,,,,,,,,,0.28177945312345365,1.0527269159372605
123,ins202407010002,0000000124,15,0,0.0,0.0,0,68,0.6008492569002123,0.0,2.284501061571125,1413,3228,12,1,3,0,4,0,2,3,3,2,580,202407,1,1,202407,1,1,0,0,1,22.416666666666668,0.0,0.6008492569002123,0.0,0,0,30.0,30,30,30.0,30,30,0.0,0,0,,,,,,,,,,,,,0.0,0,0,30.0,30,30,30.0,30,30,0.0,0,0,,,,,,,,,,,,,0.0,0,0,30.0,30,30,30.0,30,30,0.0,0,0,,,,,,,,,,,,,0.0,0,0,30.0,30,30,30.0,30,30,0.0,0,0,,,,,,,,,,,,,-0.8334095818924006,1.0392464917211188
124,ins202407020001,0000000125,15,0,0.0,0.0,0,53,0.720949957591179,0.0,3.633587786259542,3537,12852,36,1,3,1,2,0,4,4,3,2,2193,202407,1,1,202407,1,1,0,0,1,9.916666666666666,0.0,0.720949957591179,0.0,0,0,30.0,30,30,30.0,30,30,0.0,0,0,,,,,,,,,,,,,0.0,0,0,30.0,30,30,30.0,30,30,0.0,0,0,,,,,,,,,,,,,0.0,0,0,30.0,30,30,30.0,30,30,0.0,0,0,,,,,,,,,,,,,0.0,0,0,30.0,30,30,30.0,30,30,0.0,0,0,,,,,,,,,,,,,1.5100672009777483,-0.09397981997421596
125,ins202407020002,0000000126,15,0,0.0,0.0,0,59,0.5217149220489977,0.0,1.4766146993318483,1796,2652,12,1,3,0,3,2,2,3,3,2,716,202407,1,1,202407,1,1,0,0,1,18.416666666666668,0.0,0.5217149220489977,0.0,0,0,30.0,30,30,30.0,30,30,0.0,0,0,,,,,,,,,,,,,0.0,0,0,30.0,30,30,30.0,30,30,0.0,0,0,,,,,,,,,,,,,0.0,0,0,30.0,30,30,30.0,30,30,0.0,0,0,,,,,,,,,,,,,0.0,0,0,30.0,30,30,30.0,30,30,0.0,0,0,,,,,,,,,,,,,0.273738801347562,0.9668794349983295
126,ins202407030001,0000000127,15,0,0.0,0.0,0,55,1.293548387096774,0.0,11.496774193548386,310,3564,12,1,3,1,4,0,2,3,2,1,104,202407,1,1,202407,1,1,0,0,1,24.75,0.0,1.293548387096774,0.0,0,0,30.0,30,30,30.0,30,30,0.0,0,0,,,,,,,,,,,,,0.0,0,0,30.0,30,30,30.0,30,30,0.0,0,0,,,,,,,,,,,,,0.0,0,0,30.0,30,30,30.0,30,30,0.0,0,0,,,,,,,,,,,,,0.0,0,0,30.0,30,30,30.0,30,30,0.0,0,0,,,,,,,,,,,,,-0.8760529868609901,-0.4983756799673656
127,ins202407030002,0000000128,15,0,0.0,0.0,0,61,0.5693989071038251,0.0,1.521311475409836,915,1392,12,1,1,1,4,0,3,1,3,2,405,202407,1,1,202407,1,1,0,0,1,9.666666666666666,0.0,0.5693989071038251,0.0,0,0,30.0,30,30,30.0,30,30,0.0,0,0,,,,,,,,,,,,,0.0,0,0,30.0,30,30,30.0,30,30,0.0,0,0,,,,,,,,,,,,,0.0,0,0,30.0,30,30,30.0,30,30,0.0,0,0,,,,,,,,,,,,,0.0,0,0,30.0,30,30,30.0,30,30,0.0,0,0,,,,,,,,,,,,,-0.5936864168452376,0.06808685264204162
128,ins202407040001,0000000129,15,0,0.0,0.0,0,63,0.7991452991452992,0.0,3.829059829059829,702,2688,12,1,3,1,4,0,4,4,3,2,337,202407,1,1,202407,1,1,0,0,1,18.666666666666668,0.0,0.7991452991452992,0.0,0,0,30.0,30,30,30.0,30,30,0.0,0,0,,,,,,,,,,,,,0.0,0,0,30.0,30,30,30.0,30,30,0.0,0,0,,,,,,,,,,,,,0.0,0,0,30.0,30,30,30.0,30,30,0.0,0,0,,,,,,,,,,,,,0.0,0,0,30.0,30,30,30.0,30,30,0.0,0,0,,,,,,,,,,,,,1.6904061691486283,0.4647356855499792
129,ins202407040002,0000000130,15,0,0.0,0.0,0,67,0.619586942038641,0.0,2.5662891405729518,1501,3852,36,1,2,1,4,0,2,3,3,2,823,202407,1,1,202407,1,1,0,0,1,2.9722222222222223,0.0,0.619586942038641,0.0,0,0,30.0,30,30,30.0,30,30,0.0,0,0,,,,,,,,,,,,,0.0,0,0,30.0,30,30,30.0,30,30,0.0,0,0,,,,,,,,,,,,,0.0,0,0,30.0,30,30,30.0,30,30,0.0,0,0,,,,,,,,,,,,,0.0,0,0,30.0,30,30,30.0,30,30,0.0,0,0,,,,,,,,,,,,,-0.42383693720308463,-0.06846619503030205
130,ins202407050001,0000000131,15,0,0.0,0.0,0,45,0.429232995658466,0.0,0.5869753979739508,3455,2028,12,1,1,0,3,1,2,2,3,2,1314,202407,1,1,202407,1,1,0,0,1,14.083333333333334,0.0,0.429232995658466,0.0,0,0,30.0,30,30,30.0,30,30,0.0,0,0,,,,,,,,,,,,,0.0,0,0,30.0,30,30,30.0,30,30,0.0,0,0,,,,,,,,,,,,,0.0,0,0,30.0,30,30,30.0,30,30,0.0,0,0,,,,,,,,,,,,,0.0,0,0,30.0,30,30,30.0,30,30,0.0,0,0,,,,,,,,,,,,,-1.2670095449518073,0.20170458396011565
131,ins202407050002,0000000132,15,0,0.0,0.0,0,47,0.4455812312577174,0.0,0.4635738225436585,5669,2628,12,1,3,1,2,3,4,3,3,2,2307,202407,1,1,202407,1,1,0,0,1,18.25,0.0,0.4455812312577174,0.0,0,0,30.0,30,30,30.0,30,30,0.0,0,0,,,,,,,,,,,,,0.0,0,0,30.0,30,30,30.0,30,30,0.0,0,0,,,,,,,,,,,,,0.0,0,0,30.0,30,30,30.0,30,30,0.0,0,0,,,,,,,,,,,,,0.0,0,0,30.0,30,30,30.0,30,30,0.0,0,0,,,,,,,,,,,,,2.88578011988409,1.693916736654179
132,ins202407060001,0000000133,15,0,0.0,0.0,0,59,0.7361563517915309,0.0,3.6351791530944624,921,3348,12,1,3,0,4,0,4,3,3,2,399,202407,1,1,202407,1,1,0,0,1,23.25,0.0,0.7361563517915309,0.0,0,0,30.0,30,30,30.0,30,30,0.0,0,0,,,,,,,,,,,,,0.0,0,0,30.0,30,30,30.0,30,30,0.0,0,0,,,,,,,,,,,,,0.0,0,0,30.0,30,30,30.0,30,30,0.0,0,0,,,,,,,,,,,,,0.0,0,0,30.0,30,30,30.0,30,30,0.0,0,0,,,,,,,,,,,,,1.112836364997063,0.9644636249190441
133,ins202407060002,0000000134,15,0,0.0,0.0,0,48,0.6764472640761301,0.0,1.731958762886598,3783,6552,24,1,3,1,2,0,4,3,3,2,2286,202407,1,1,202407,1,1,0,0,1,11.375,0.0,0.6764472640761301,0.0,0,0,30.0,30,30,30.0,30,30,0.0,0,0,,,,,,,,,,,,,0.0,0,0,30.0,30,30,30.0,30,30,0.0,0,0,,,,,,,,,,,,,0.0,0,0,30.0,30,30,30.0,30,30,0.0,0,0,,,,,,,,,,,,,0.0,0,0,30.0,30,30,30.0,30,30,0.0,0,0,,,,,,,,,,,,,1.0524860763914616,-0.7028013867563493
134,ins202407070001,0000000135,15,0,0.0,0.0,0,55,0.5386804657179819,0.0,2.390685640362225,3865,9240,24,1,3,1,2,1,4,2,3,2,1697,202407,1,1,202407,1,1,0,0,1,16.041666666666668,0.0,0.5386804657179819,0.0,0,0,30.0,30,30,30.0,30,30,0.0,0,0,,,,,,,,,,,,,0.0,0,0,30.0,30,30,30.0,30,30,0.0,0,0,,,,,,,,,,,,,0.0,0,0,30.0,30,30,30.0,30,30,0.0,0,0,,,,,,,,,,,,,0.0,0,0,30.0,30,30,30.0,30,30,0.0,0,0,,,,,,,,,,,,,0.8249431490851156,0.9282701824577392
135,ins202407070002,0000000136,15,0,0.0,0.0,0,67,0.769811320754717,0.0,1.7547169811320755,1060,1860,12,1,3,0,4,0,1,1,3,2,661,202407,1,1,202407,1,1,0,0,1,12.916666666666666,0.0,0.769811320754717,0.0,0,0,30.0,30,30,30.0,30,30,0.0,0,0,,,,,,,,,,,,,0.0,0,0,30.0,30,30,30.0,30,30,0.0,0,0,,,,,,,,,,,,,0.0,0,0,30.0,30,30,30.0,30,30,0.0,0,0,,,,,,,,,,,,,0.0,0,0,30.0,30,30,30.0,30,30,0.0,0,0,,,,,,,,,,,,,-0.9147735365243054,0.5113863787942656
136,ins202407080001,0000000137,15,0,0.0,0.0,0,62,0.3422703936109526,0.0,0.6776953793496863,1753,1188,12,1,1,0,1,1,2,3,3,1,501,202407,1,1,202407,1,1,0,0,1,8.25,0.0,0.3422703936109526,0.0,0,0,30.0,30,30,30.0,30,30,0.0,0,0,,,,,,,,,,,,,0.0,0,0,30.0,30,30,30.0,30,30,0.0,0,0,,,,,,,,,,,,,0.0,0,0,30.0,30,30,30.0,30,30,0.0,0,0,,,,,,,,,,,,,0.0,0,0,30.0,30,30,30.0,30,30,0.0,0,0,,,,,,,,,,,,,-2.49954195216862,0.5547809987802973
137,ins202407080002,0000000138,15,0,0.0,0.0,0,71,0.7244819646968534,0.0,11.742133537989256,1303,15300,36,1,3,1,4,0,3,4,3,2,519,202407,1,1,202407,1,1,0,0,1,11.805555555555555,0.0,0.7244819646968534,0.0,0,0,30.0,30,30,30.0,30,30,0.0,0,0,,,,,,,,,,,,,0.0,0,0,30.0,30,30,30.0,30,30,0.0,0,0,,,,,,,,,,,,,0.0,0,0,30.0,30,30,30.0,30,30,0.0,0,0,,,,,,,,,,,,,0.0,0,0,30.0,30,30,30.0,30,30,0.0,0,0,,,,,,,,,,,,,1.8546797171588292,0.6379851678969675
138,ins202407090001,0000000139,15,0,0.0,0.0,0,56,1.22,0.0,17.52,300,5256,24,1,2,1,4,0,4,3,3,2,147,202407,1,1,202407,1,1,0,0,1,9.125,0.0,1.22,0.0,0,0,30.0,30,30,30.0,30,30,0.0,0,0,,,,,,,,,,,,,0.0,0,0,30.0,30,30,30.0,30,30,0.0,0,0,,,,,,,,,,,,,0.0,0,0,30.0,30,30,30.0,30,30,0.0,0,0,,,,,,,,,,,,,0.0,0,0,30.0,30,30,30.0,30,30,0.0,0,0,,,,,,,,,,,,,1.034241628726157,-0.6372144523384862
139,ins202407090002,0000000140,15,0,0.0,0.0,0,55,0.8776978417266187,0.0,5.762589928057554,556,3204,12,1,2,1,4,0,2,3,3,2,221,202407,1,1,202407,1,1,0,0,1,22.25,0.0,0.8776978417266187,0.0,0,0,30.0,30,30,30.0,30,30,0.0,0,0,,,,,,,,,,,,,0.0,0,0,30.0,30,30,30.0,30,30,0.0,0,0,,,,,,,,,,,,,0.0,0,0,30.0,30,30,30.0,30,30,0.0,0,0,,,,,,,,,,,,,0.0,0,0,30.0,30,30,30.0,30,30,0.0,0,0,,,,,,,,,,,,,0.277705835513984,0.38896994156277076
140,ins202407100001,0000000141,15,0,0.0,0.0,0,58,0.6614890198178897,0.0,3.830744509908945,1867,7152,24,1,2,1,3,0,4,2,3,2,937,202407,1,1,202407,1,1,0,0,1,12.416666666666666,0.0,0.6614890198178897,0.0,0,0,30.0,30,30,30.0,30,30,0.0,0,0,,,,,,,,,,,,,0.0,0,0,30.0,30,30,30.0,30,30,0.0,0,0,,,,,,,,,,,,,0.0,0,0,30.0,30,30,30.0,30,30,0.0,0,0,,,,,,,,,,,,,0.0,0,0,30.0,30,30,30.0,30,30,0.0,0,0,,,,,,,,,,,,,0.6010245231437882,1.1110467322794726
141,ins202407100002,0000000142,15,0,0.0,0.0,0,47,0.4465773270554147,0.0,0.7475552336110105,2761,2064,12,1,2,0,3,0,2,4,3,1,1061,202407,1,1,202407,1,1,0,0,1,14.333333333333334,0.0,0.4465773270554147,0.0,0,0,30.0,30,30,30.0,30,30,0.0,0,0,,,,,,,,,,,,,0.0,0,0,30.0,30,30,30.0,30,30,0.0,0,0,,,,,,,,,,,,,0.0,0,0,30.0,30,30,30.0,30,30,0.0,0,0,,,,,,,,,,,,,0.0,0,0,30.0,30,30,30.0,30,30,0.0,0,0,,,,,,,,,,,,,-1.7297183786291583,-0.5533374511124312
142,ins202407110001,0000000143,15,0,0.0,0.0,0,50,0.5439034540158135,0.0,1.5880149812734083,2403,3816,24,1,2,0,3,0,2,2,3,2,1148,202407,1,1,202407,1,1,0,0,1,6.625,0.0,0.5439034540158135,0.0,0,0,30.0,30,30,30.0,30,30,0.0,0,0,,,,,,,,,,,,,0.0,0,0,30.0,30,30,30.0,30,30,0.0,0,0,,,,,,,,,,,,,0.0,0,0,30.0,30,30,30.0,30,30,0.0,0,0,,,,,,,,,,,,,0.0,0,0,30.0,30,30,30.0,30,30,0.0,0,0,,,,,,,,,,,,,-1.2913060453964178,-0.5735513739905216
143,ins202407110002,0000000144,15,0,0.0,0.0,0,49,0.3976057647605764,0.0,0.3765690376569037,8604,3240,36,1,3,1,2,2,4,3,3,2,3331,202407,1,1,202407,1,1,0,0,1,2.5,0.0,0.3976057647605764,0.0,0,0,30.0,30,30,30.0,30,30,0.0,0,0,,,,,,,,,,,,,0.0,0,0,30.0,30,30,30.0,30,30,0.0,0,0,,,,,,,,,,,,,0.0,0,0,30.0,30,30,30.0,30,30,0.0,0,0,,,,,,,,,,,,,0.0,0,0,30.0,30,30,30.0,30,30,0.0,0,0,,,,,,,,,,,,,1.4885777794295745,-0.17013664386490646
144,ins202407120001,0000000145,15,0,0.0,0.0,0,49,0.4244519059845941,0.0,0.2844163539403516,5063,1440,12,1,1,1,2,1,4,3,3,2,2029,202407,1,1,202407,1,1,0,0,1,10.0,0.0,0.4244519059845941,0.0,0,0,30.0,30,30,30.0,30,30,0.0,0,0,,,,,,,,,,,,,0.0,0,0,30.0,30,30,30.0,30,30,0.0,0,0,,,,,,,,,,,,,0.0,0,0,30.0,30,30,30.0,30,30,0.0,0,0,,,,,,,,,,,,,0.0,0,0,30.0,30,30,30.0,30,30,0.0,0,0,,,,,,,,,,,,,-0.03421855168879845,0.4832061200366611
145,ins202407120002,0000000146,15,0,0.0,0.0,0,68,1.271186440677966,0.0,10.101694915254235,354,3576,12,1,3,0,4,0,4,2,3,2,152,202407,1,1,202407,1,1,0,0,1,24.83333333333333,0.0,1.271186440677966,0.0,0,0,30.0,30,30,30.0,30,30,0.0,0,0,,,,,,,,,,,,,0.0,0,0,30.0,30,30,30.0,30,30,0.0,0,0,,,,,,,,,,,,,0.0,0,0,30.0,30,30,30.0,30,30,0.0,0,0,,,,,,,,,,,,,0.0,0,0,30.0,30,30,30.0,30,30,0.0,0,0,,,,,,,,,,,,,0.337931909883843,-0.254613396201488
146,ins202407130001,0000000147,15,0,0.0,0.0,0,51,0.4775132275132275,0.0,1.0714285714285714,3024,3240,36,1,2,0,2,2,4,3,3,2,1354,202407,1,1,202407,1,1,0,0,1,2.5,0.0,0.4775132275132275,0.0,0,0,30.0,30,30,30.0,30,30,0.0,0,0,,,,,,,,,,,,,0.0,0,0,30.0,30,30,30.0,30,30,0.0,0,0,,,,,,,,,,,,,0.0,0,0,30.0,30,30,30.0,30,30,0.0,0,0,,,,,,,,,,,,,0.0,0,0,30.0,30,30,30.0,30,30,0.0,0,0,,,,,,,,,,,,,0.6272294143023057,0.014933196886087297
147,ins202407130002,0000000148,15,0,0.0,0.0,0,48,0.5522290920924179,0.0,0.4373576309794988,3073,1344,12,1,2,1,2,1,4,3,3,2,1585,202407,1,1,202407,1,1,0,0,1,9.333333333333334,0.0,0.5522290920924179,0.0,0,0,30.0,30,30,30.0,30,30,0.0,0,0,,,,,,,,,,,,,0.0,0,0,30.0,30,30,30.0,30,30,0.0,0,0,,,,,,,,,,,,,0.0,0,0,30.0,30,30,30.0,30,30,0.0,0,0,,,,,,,,,,,,,0.0,0,0,30.0,30,30,30.0,30,30,0.0,0,0,,,,,,,,,,,,,1.3628273328235387,0.7463679234873101
148,ins202407140001,0000000149,15,0,0.0,0.0,0,52,0.4917293233082707,0.0,0.6109559613319012,4655,2844,12,1,1,1,2,0,4,2,3,2,2052,202407,1,1,202407,1,1,0,0,1,19.75,0.0,0.4917293233082707,0.0,0,0,30.0,30,30,30.0,30,30,0.0,0,0,,,,,,,,,,,,,0.0,0,0,30.0,30,30,30.0,30,30,0.0,0,0,,,,,,,,,,,,,0.0,0,0,30.0,30,30,30.0,30,30,0.0,0,0,,,,,,,,,,,,,0.0,0,0,30.0,30,30,30.0,30,30,0.0,0,0,,,,,,,,,,,,,-0.4863298025429948,0.7495061117204325
149,ins202407140002,0000000150,15,0,0.0,0.0,0,55,0.586994053328218,0.0,0.7043928639938615,5213,3672,12,1,3,0,2,1,4,2,3,2,2754,202407,1,1,202407,1,1,0,0,1,25.5,0.0,0.586994053328218,0.0,0,0,30.0,30,30,30.0,30,30,0.0,0,0,,,,,,,,,,,,,0.0,0,0,30.0,30,30,30.0,30,30,0.0,0,0,,,,,,,,,,,,,0.0,0,0,30.0,30,30,30.0,30,30,0.0,0,0,,,,,,,,,,,,,0.0,0,0,30.0,30,30,30.0,30,30,0.0,0,0,,,,,,,,,,,,,-0.04904905033244708,-0.47271824859919864
150,ins202407150001,0000000151,15,0,0.0,0.0,0,66,0.5962807438512298,0.0,2.5266946610677863,1667,4212,36,1,4,1,4,2,4,1,3,2,877,202407,1,1,202407,1,1,0,0,1,3.25,0.0,0.5962807438512298,0.0,0,0,30.0,30,30,30.0,30,30,0.0,0,0,,,,,,,,,,,,,0.0,0,0,30.0,30,30,30.0,30,30,0.0,0,0,,,,,,,,,,,,,0.0,0,0,30.0,30,30,30.0,30,30,0.0,0,0,,,,,,,,,,,,,0.0,0,0,30.0,30,30,30.0,30,30,0.0,0,0,,,,,,,,,,,,,1.9829770672689973,1.109396661158635
151,ins202407150002,0000000152,15,0,0.0,0.0,0,55,0.4770932069510268,0.0,0.9834123222748816,5064,4980,12,1,3,1,3,0,4,1,3,2,2001,202407,1,1,202407,1,1,0,0,1,34.583333333333336,0.0,0.4770932069510268,0.0,0,0,30.0,30,30,30.0,30,30,0.0,0,0,,,,,,,,,,,,,0.0,0,0,30.0,30,30,30.0,30,30,0.0,0,0,,,,,,,,,,,,,0.0,0,0,30.0,30,30,30.0,30,30,0.0,0,0,,,,,,,,,,,,,0.0,0,0,30.0,30,30,30.0,30,30,0.0,0,0,,,,,,,,,,,,,0.7813230235966439,0.4968715740245343
152,ins202407160001,0000000153,15,0,0.0,0.0,0,62,0.5066150371087448,0.0,1.2700871248789931,3099,3936,12,1,3,0,2,0,4,2,3,2,1242,202407,1,1,202407,1,1,0,0,1,27.33333333333333,0.0,0.5066150371087448,0.0,0,0,30.0,30,30,30.0,30,30,0.0,0,0,,,,,,,,,,,,,0.0,0,0,30.0,30,30,30.0,30,30,0.0,0,0,,,,,,,,,,,,,0.0,0,0,30.0,30,30,30.0,30,30,0.0,0,0,,,,,,,,,,,,,0.0,0,0,30.0,30,30,30.0,30,30,0.0,0,0,,,,,,,,,,,,,0.24115543843271914,0.27981572280356726
153,ins202407160002,0000000154,15,0,0.0,0.0,0,53,0.6159895150720839,0.0,2.72870249017038,1526,4164,12,1,2,0,4,1,4,3,3,2,593,202407,1,1,202407,1,1,0,0,1,28.916666666666668,0.0,0.6159895150720839,0.0,0,0,30.0,30,30,30.0,30,30,0.0,0,0,,,,,,,,,,,,,0.0,0,0,30.0,30,30,30.0,30,30,0.0,0,0,,,,,,,,,,,,,0.0,0,0,30.0,30,30,30.0,30,30,0.0,0,0,,,,,,,,,,,,,0.0,0,0,30.0,30,30,30.0,30,30,0.0,0,0,,,,,,,,,,,,,0.8928554309435773,1.1931679353333826
154,ins202407170001,0000000155,15,0,0.0,0.0,0,62,0.8513011152416357,0.0,4.951672862453532,538,2664,12,1,2,0,4,0,4,2,3,2,236,202407,1,1,202407,1,1,0,0,1,18.5,0.0,0.8513011152416357,0.0,0,0,30.0,30,30,30.0,30,30,0.0,0,0,,,,,,,,,,,,,0.0,0,0,30.0,30,30,30.0,30,30,0.0,0,0,,,,,,,,,,,,,0.0,0,0,30.0,30,30,30.0,30,30,0.0,0,0,,,,,,,,,,,,,0.0,0,0,30.0,30,30,30.0,30,30,0.0,0,0,,,,,,,,,,,,,-0.6283032483709583,0.9698118702178737
155,ins202407170002,0000000156,15,0,0.0,0.0,0,62,0.615819209039548,0.0,3.815980629539952,1239,4728,24,1,4,0,4,0,3,3,3,2,566,202407,1,1,202407,1,1,0,0,1,8.208333333333334,0.0,0.615819209039548,0.0,0,0,30.0,30,30,30.0,30,30,0.0,0,0,,,,,,,,,,,,,0.0,0,0,30.0,30,30,30.0,30,30,0.0,0,0,,,,,,,,,,,,,0.0,0,0,30.0,30,30,30.0,30,30,0.0,0,0,,,,,,,,,,,,,0.0,0,0,30.0,30,30,30.0,30,30,0.0,0,0,,,,,,,,,,,,,0.920115257307158,1.033768254232434
156,ins202407180001,0000000157,15,0,0.0,0.0,0,63,0.3784810126582278,0.0,3.2354430379746835,3160,10224,36,1,3,0,2,0,2,2,3,1,912,202407,1,1,202407,1,1,0,0,1,7.888888888888889,0.0,0.3784810126582278,0.0,0,0,30.0,30,30,30.0,30,30,0.0,0,0,,,,,,,,,,,,,0.0,0,0,30.0,30,30,30.0,30,30,0.0,0,0,,,,,,,,,,,,,0.0,0,0,30.0,30,30,30.0,30,30,0.0,0,0,,,,,,,,,,,,,0.0,0,0,30.0,30,30,30.0,30,30,0.0,0,0,,,,,,,,,,,,,-2.130410166471429,-0.15276492044217554
157,ins202407180002,0000000158,15,0,0.0,0.0,0,68,0.7091445427728613,0.0,0.7575221238938054,1695,1284,12,1,3,0,3,0,3,4,3,2,1095,202407,1,1,202407,1,1,0,0,1,8.916666666666666,0.0,0.7091445427728613,0.0,0,0,30.0,30,30,30.0,30,30,0.0,0,0,,,,,,,,,,,,,0.0,0,0,30.0,30,30,30.0,30,30,0.0,0,0,,,,,,,,,,,,,0.0,0,0,30.0,30,30,30.0,30,30,0.0,0,0,,,,,,,,,,,,,0.0,0,0,30.0,30,30,30.0,30,30,0.0,0,0,,,,,,,,,,,,,0.10913102115697701,0.5211588021571288
158,ins202407190001,0000000159,15,0,0.0,0.0,0,55,0.5921052631578947,0.0,2.267942583732057,836,1896,12,1,1,1,4,0,4,2,3,2,337,202407,1,1,202407,1,1,0,0,1,13.166666666666666,0.0,0.5921052631578947,0.0,0,0,30.0,30,30,30.0,30,30,0.0,0,0,,,,,,,,,,,,,0.0,0,0,30.0,30,30,30.0,30,30,0.0,0,0,,,,,,,,,,,,,0.0,0,0,30.0,30,30,30.0,30,30,0.0,0,0,,,,,,,,,,,,,0.0,0,0,30.0,30,30,30.0,30,30,0.0,0,0,,,,,,,,,,,,,0.14735178383522313,0.5023671166940572
159,ins202407190002,0000000160,15,0,0.0,0.0,0,50,0.4733255451713395,0.0,1.0093457943925233,5136,5184,24,1,3,0,2,0,2,3,3,2,2215,202407,1,1,202407,1,1,0,0,1,9.0,0.0,0.4733255451713395,0.0,0,0,30.0,30,30,30.0,30,30,0.0,0,0,,,,,,,,,,,,,0.0,0,0,30.0,30,30,30.0,30,30,0.0,0,0,,,,,,,,,,,,,0.0,0,0,30.0,30,30,30.0,30,30,0.0,0,0,,,,,,,,,,,,,0.0,0,0,30.0,30,30,30.0,30,30,0.0,0,0,,,,,,,,,,,,,0.3708703504306049,0.11310922223602804
160,ins202407200001,0000000161,15,0,0.0,0.0,0,53,0.7662556053811659,0.0,3.410313901345292,1784,6084,12,1,2,0,3,0,2,2,3,2,860,202407,1,1,202407,1,1,0,0,1,42.25,0.0,0.7662556053811659,0.0,0,0,30.0,30,30,30.0,30,30,0.0,0,0,,,,,,,,,,,,,0.0,0,0,30.0,30,30,30.0,30,30,0.0,0,0,,,,,,,,,,,,,0.0,0,0,30.0,30,30,30.0,30,30,0.0,0,0,,,,,,,,,,,,,0.0,0,0,30.0,30,30,30.0,30,30,0.0,0,0,,,,,,,,,,,,,-1.4980343316611406,-0.5544810768851574
161,ins202407200002,0000000162,15,0,0.0,0.0,0,51,0.5549199084668193,0.0,0.9931350114416476,2622,2604,12,1,2,0,4,0,2,1,3,2,1238,202407,1,1,202407,1,1,0,0,1,18.08333333333333,0.0,0.5549199084668193,0.0,0,0,30.0,30,30,30.0,30,30,0.0,0,0,,,,,,,,,,,,,0.0,0,0,30.0,30,30,30.0,30,30,0.0,0,0,,,,,,,,,,,,,0.0,0,0,30.0,30,30,30.0,30,30,0.0,0,0,,,,,,,,,,,,,0.0,0,0,30.0,30,30,30.0,30,30,0.0,0,0,,,,,,,,,,,,,-1.5405929330117252,-0.08830646227745831
162,ins202407210001,0000000163,15,0,0.0,0.0,0,52,0.4401888772298006,0.0,1.7061909758656872,1906,3252,12,1,2,1,3,0,4,3,2,2,568,202407,1,1,202407,1,1,0,0,1,22.58333333333333,0.0,0.4401888772298006,0.0,0,0,30.0,30,30,30.0,30,30,0.0,0,0,,,,,,,,,,,,,0.0,0,0,30.0,30,30,30.0,30,30,0.0,0,0,,,,,,,,,,,,,0.0,0,0,30.0,30,30,30.0,30,30,0.0,0,0,,,,,,,,,,,,,0.0,0,0,30.0,30,30,30.0,30,30,0.0,0,0,,,,,,,,,,,,,-0.9009027663961838,0.717811463497991
163,ins202407210002,0000000164,15,0,0.0,0.0,0,65,0.9011164274322168,0.0,5.6650717703349285,627,3552,12,1,3,1,4,0,4,2,3,2,269,202407,1,1,202407,1,1,0,0,1,24.666666666666668,0.0,0.9011164274322168,0.0,0,0,30.0,30,30,30.0,30,30,0.0,0,0,,,,,,,,,,,,,0.0,0,0,30.0,30,30,30.0,30,30,0.0,0,0,,,,,,,,,,,,,0.0,0,0,30.0,30,30,30.0,30,30,0.0,0,0,,,,,,,,,,,,,0.0,0,0,30.0,30,30,30.0,30,30,0.0,0,0,,,,,,,,,,,,,0.6910182310456623,1.208084208224079
164,ins202407220001,0000000165,15,0,0.0,0.0,0,48,0.5952631578947368,0.0,4.4526315789473685,1900,8460,36,1,4,0,3,0,4,4,3,2,896,202407,1,1,202407,1,1,0,0,1,6.527777777777778,0.0,0.5952631578947368,0.0,0,0,30.0,30,30,30.0,30,30,0.0,0,0,,,,,,,,,,,,,0.0,0,0,30.0,30,30,30.0,30,30,0.0,0,0,,,,,,,,,,,,,0.0,0,0,30.0,30,30,30.0,30,30,0.0,0,0,,,,,,,,,,,,,0.0,0,0,30.0,30,30,30.0,30,30,0.0,0,0,,,,,,,,,,,,,0.22323006935298018,-0.0660905888281101
165,ins202407220002,0000000166,15,0,0.0,0.0,0,57,0.581081081081081,0.0,4.378378378378378,1332,5832,36,1,3,1,4,0,4,1,3,2,612,202407,1,1,202407,1,1,0,0,1,4.5,0.0,0.581081081081081,0.0,0,0,30.0,30,30,30.0,30,30,0.0,0,0,,,,,,,,,,,,,0.0,0,0,30.0,30,30,30.0,30,30,0.0,0,0,,,,,,,,,,,,,0.0,0,0,30.0,30,30,30.0,30,30,0.0,0,0,,,,,,,,,,,,,0.0,0,0,30.0,30,30,30.0,30,30,0.0,0,0,,,,,,,,,,,,,0.6132964587725926,0.7705491797344198
166,ins202407230001,0000000167,15,0,0.0,0.0,0,61,0.9045138888888888,0.0,11.583333333333334,576,6672,24,1,2,0,4,2,4,2,3,1,243,202407,1,1,202407,1,1,0,0,1,11.583333333333334,0.0,0.9045138888888888,0.0,0,0,30.0,30,30,30.0,30,30,0.0,0,0,,,,,,,,,,,,,0.0,0,0,30.0,30,30,30.0,30,30,0.0,0,0,,,,,,,,,,,,,0.0,0,0,30.0,30,30,30.0,30,30,0.0,0,0,,,,,,,,,,,,,0.0,0,0,30.0,30,30,30.0,30,30,0.0,0,0,,,,,,,,,,,,,0.8157610337616208,0.6154438624214628
167,ins202407230002,0000000168,15,0,0.0,0.0,0,51,0.5737122557726465,0.0,2.7921847246891653,1126,3144,12,1,3,0,4,1,2,3,3,1,384,202407,1,1,202407,1,1,0,0,1,21.83333333333333,0.0,0.5737122557726465,0.0,0,0,30.0,30,30,30.0,30,30,0.0,0,0,,,,,,,,,,,,,0.0,0,0,30.0,30,30,30.0,30,30,0.0,0,0,,,,,,,,,,,,,0.0,0,0,30.0,30,30,30.0,30,30,0.0,0,0,,,,,,,,,,,,,0.0,0,0,30.0,30,30,30.0,30,30,0.0,0,0,,,,,,,,,,,,,-0.9922073209083313,0.5064114466734183
168,ins202407240001,0000000169,15,0,0.0,0.0,0,56,0.3985082578582845,0.0,2.915290356952584,1877,5472,24,1,3,1,3,1,4,3,3,1,520,202407,1,1,202407,1,1,0,0,1,9.5,0.0,0.3985082578582845,0.0,0,0,30.0,30,30,30.0,30,30,0.0,0,0,,,,,,,,,,,,,0.0,0,0,30.0,30,30,30.0,30,30,0.0,0,0,,,,,,,,,,,,,0.0,0,0,30.0,30,30,30.0,30,30,0.0,0,0,,,,,,,,,,,,,0.0,0,0,30.0,30,30,30.0,30,30,0.0,0,0,,,,,,,,,,,,,-0.247525105702054,0.9518172285388986
169,ins202407240002,0000000170,15,0,0.0,0.0,0,66,0.6496844003606853,0.0,0.8872858431018936,2218,1968,12,1,3,0,4,0,4,1,3,2,1277,202407,1,1,202407,1,1,0,0,1,13.666666666666666,0.0,0.6496844003606853,0.0,0,0,30.0,30,30,30.0,30,30,0.0,0,0,,,,,,,,,,,,,0.0,0,0,30.0,30,30,30.0,30,30,0.0,0,0,,,,,,,,,,,,,0.0,0,0,30.0,30,30,30.0,30,30,0.0,0,0,,,,,,,,,,,,,0.0,0,0,30.0,30,30,30.0,30,30,0.0,0,0,,,,,,,,,,,,,0.5733379878178065,0.4423354987085055
170,ins202407250001,0000000171,15,0,0.0,0.0,0,69,0.6776859504132231,0.0,5.137190082644628,1210,6216,24,1,4,1,4,0,4,2,3,2,561,202407,1,1,202407,1,1,0,0,1,10.791666666666666,0.0,0.6776859504132231,0.0,0,0,30.0,30,30,30.0,30,30,0.0,0,0,,,,,,,,,,,,,0.0,0,0,30.0,30,30,30.0,30,30,0.0,0,0,,,,,,,,,,,,,0.0,0,0,30.0,30,30,30.0,30,30,0.0,0,0,,,,,,,,,,,,,0.0,0,0,30.0,30,30,30.0,30,30,0.0,0,0,,,,,,,,,,,,,1.2794741811168044,1.2621316243386624
171,ins202407250002,0000000172,15,0,0.0,0.0,0,52,0.4745931584191298,0.0,0.3905679176353371,3011,1176,12,1,2,0,1,0,4,3,3,2,1331,202407,1,1,202407,1,1,0,0,1,8.166666666666666,0.0,0.4745931584191298,0.0,0,0,30.0,30,30,30.0,30,30,0.0,0,0,,,,,,,,,,,,,0.0,0,0,30.0,30,30,30.0,30,30,0.0,0,0,,,,,,,,,,,,,0.0,0,0,30.0,30,30,30.0,30,30,0.0,0,0,,,,,,,,,,,,,0.0,0,0,30.0,30,30,30.0,30,30,0.0,0,0,,,,,,,,,,,,,-1.5418700265020617,-0.10984186896233333
172,ins202407260001,0000000173,15,0,0.0,0.0,0,52,0.5190084946386297,0.0,0.3743211251914775,7181,2688,12,1,3,0,2,0,4,4,3,2,3503,202407,1,1,202407,1,1,0,0,1,18.666666666666668,0.0,0.5190084946386297,0.0,0,0,30.0,30,30,30.0,30,30,0.0,0,0,,,,,,,,,,,,,0.0,0,0,30.0,30,30,30.0,30,30,0.0,0,0,,,,,,,,,,,,,0.0,0,0,30.0,30,30,30.0,30,30,0.0,0,0,,,,,,,,,,,,,0.0,0,0,30.0,30,30,30.0,30,30,0.0,0,0,,,,,,,,,,,,,1.2655783204498947,0.22415684156678076
173,ins202407260002,0000000174,15,0,0.0,0.0,0,68,0.298705501618123,0.0,6.0,3090,18540,36,1,1,0,3,0,1,3,2,1,408,202407,1,1,202407,1,1,0,0,1,14.305555555555555,0.0,0.298705501618123,0.0,0,0,30.0,30,30,30.0,30,30,0.0,0,0,,,,,,,,,,,,,0.0,0,0,30.0,30,30,30.0,30,30,0.0,0,0,,,,,,,,,,,,,0.0,0,0,30.0,30,30,30.0,30,30,0.0,0,0,,,,,,,,,,,,,0.0,0,0,30.0,30,30,30.0,30,30,0.0,0,0,,,,,,,,,,,,,-3.551642397787272,-0.26632039586032813
174,ins202407270001,0000000175,15,0,0.0,0.0,0,60,0.9816849816849816,0.0,20.37362637362637,546,11124,36,1,3,0,4,0,4,4,3,2,227,202407,1,1,202407,1,1,0,0,1,8.583333333333334,0.0,0.9816849816849816,0.0,0,0,30.0,30,30,30.0,30,30,0.0,0,0,,,,,,,,,,,,,0.0,0,0,30.0,30,30,30.0,30,30,0.0,0,0,,,,,,,,,,,,,0.0,0,0,30.0,30,30,30.0,30,30,0.0,0,0,,,,,,,,,,,,,0.0,0,0,30.0,30,30,30.0,30,30,0.0,0,0,,,,,,,,,,,,,0.17774989834152166,0.3769793829056239
175,ins202407270002,0000000176,15,0,0.0,0.0,0,62,0.9673704414587332,0.0,3.9616122840690977,521,2064,12,1,1,0,4,0,2,4,3,2,332,202407,1,1,202407,1,1,0,0,1,14.333333333333334,0.0,0.9673704414587332,0.0,0,0,30.0,30,30,30.0,30,30,0.0,0,0,,,,,,,,,,,,,0.0,0,0,30.0,30,30,30.0,30,30,0.0,0,0,,,,,,,,,,,,,0.0,0,0,30.0,30,30,30.0,30,30,0.0,0,0,,,,,,,,,,,,,0.0,0,0,30.0,30,30,30.0,30,30,0.0,0,0,,,,,,,,,,,,,-0.030417930035693985,-0.6639575667341302
176,ins202407280001,0000000177,15,0,0.0,0.0,0,58,0.6416128400861225,0.0,1.9025249559600703,5109,9720,36,1,3,0,2,0,4,4,3,2,3008,202407,1,1,202407,1,1,0,0,1,7.5,0.0,0.6416128400861225,0.0,0,0,30.0,30,30,30.0,30,30,0.0,0,0,,,,,,,,,,,,,0.0,0,0,30.0,30,30,30.0,30,30,0.0,0,0,,,,,,,,,,,,,0.0,0,0,30.0,30,30,30.0,30,30,0.0,0,0,,,,,,,,,,,,,0.0,0,0,30.0,30,30,30.0,30,30,0.0,0,0,,,,,,,,,,,,,0.34479373818008674,-0.6995475941810716
177,ins202407280002,0000000178,15,0,0.0,0.0,0,49,0.64875,0.0,4.71,2400,11304,36,1,3,0,3,0,2,1,3,2,1243,202407,1,1,202407,1,1,0,0,1,8.722222222222221,0.0,0.64875,0.0,0,0,30.0,30,30,30.0,30,30,0.0,0,0,,,,,,,,,,,,,0.0,0,0,30.0,30,30,30.0,30,30,0.0,0,0,,,,,,,,,,,,,0.0,0,0,30.0,30,30,30.0,30,30,0.0,0,0,,,,,,,,,,,,,0.0,0,0,30.0,30,30,30.0,30,30,0.0,0,0,,,,,,,,,,,,,-1.2010675780885838,0.030650451694487102
178,ins202407290001,0000000179,15,0,0.0,0.0,0,49,0.6015293118096856,0.0,4.64910790144435,2354,10944,24,1,2,1,1,2,4,2,3,1,960,202407,1,1,202407,1,1,0,0,1,19.0,0.0,0.6015293118096856,0.0,0,0,30.0,30,30,30.0,30,30,0.0,0,0,,,,,,,,,,,,,0.0,0,0,30.0,30,30,30.0,30,30,0.0,0,0,,,,,,,,,,,,,0.0,0,0,30.0,30,30,30.0,30,30,0.0,0,0,,,,,,,,,,,,,0.0,0,0,30.0,30,30,30.0,30,30,0.0,0,0,,,,,,,,,,,,,-2.0434918458788767,0.44570466944529313
179,ins202407290002,0000000180,15,0,0.0,0.0,0,52,0.144848954298993,0.0,0.3569326103795507,6455,2304,24,1,4,0,2,1,4,4,2,1,839,202407,1,1,202407,1,1,0,0,1,4.0,0.0,0.144848954298993,0.0,0,0,30.0,30,30,30.0,30,30,0.0,0,0,,,,,,,,,,,,,0.0,0,0,30.0,30,30,30.0,30,30,0.0,0,0,,,,,,,,,,,,,0.0,0,0,30.0,30,30,30.0,30,30,0.0,0,0,,,,,,,,,,,,,0.0,0,0,30.0,30,30,30.0,30,30,0.0,0,0,,,,,,,,,,,,,-1.0008140813051707,0.31137132426301106
180,ins202407300001,0000000181,15,0,0.0,0.0,0,54,0.4348327566320646,0.0,1.799307958477509,2601,4680,36,1,2,1,3,1,2,1,3,2,1001,202407,1,1,202407,1,1,0,0,1,3.611111111111111,0.0,0.4348327566320646,0.0,0,0,30.0,30,30,30.0,30,30,0.0,0,0,,,,,,,,,,,,,0.0,0,0,30.0,30,30,30.0,30,30,0.0,0,0,,,,,,,,,,,,,0.0,0,0,30.0,30,30,30.0,30,30,0.0,0,0,,,,,,,,,,,,,0.0,0,0,30.0,30,30,30.0,30,30,0.0,0,0,,,,,,,,,,,,,-0.4424943445797957,0.36421198204185434
181,ins202407300002,0000000182,15,0,0.0,0.0,0,59,0.6768115942028986,0.0,6.956521739130435,690,4800,24,1,2,1,4,1,4,2,3,2,267,202407,1,1,202407,1,1,0,0,1,8.333333333333334,0.0,0.6768115942028986,0.0,0,0,30.0,30,30,30.0,30,30,0.0,0,0,,,,,,,,,,,,,0.0,0,0,30.0,30,30,30.0,30,30,0.0,0,0,,,,,,,,,,,,,0.0,0,0,30.0,30,30,30.0,30,30,0.0,0,0,,,,,,,,,,,,,0.0,0,0,30.0,30,30,30.0,30,30,0.0,0,0,,,,,,,,,,,,,0.5243957331638502,1.192394353541674
182,ins202407310001,0000000183,15,0,0.0,0.0,0,57,1.1542168674698796,0.0,9.050602409638554,415,3756,12,1,3,1,4,1,4,2,3,2,166,202407,1,1,202407,1,1,0,0,1,26.08333333333333,0.0,1.1542168674698796,0.0,0,0,30.0,30,30,30.0,30,30,0.0,0,0,,,,,,,,,,,,,0.0,0,0,30.0,30,30,30.0,30,30,0.0,0,0,,,,,,,,,,,,,0.0,0,0,30.0,30,30,30.0,30,30,0.0,0,0,,,,,,,,,,,,,0.0,0,0,30.0,30,30,30.0,30,30,0.0,0,0,,,,,,,,,,,,,1.8331266577904306,1.5830867695127688
183,ins202407310002,0000000184,15,0,0.0,0.0,0,53,0.5196304849884527,0.0,0.6789838337182448,1732,1176,12,1,3,1,3,1,4,4,3,2,802,202407,1,1,202407,1,1,0,0,1,8.166666666666666,0.0,0.5196304849884527,0.0,0,0,30.0,30,30,30.0,30,30,0.0,0,0,,,,,,,,,,,,,0.0,0,0,30.0,30,30,30.0,30,30,0.0,0,0,,,,,,,,,,,,,0.0,0,0,30.0,30,30,30.0,30,30,0.0,0,0,,,,,,,,,,,,,0.0,0,0,30.0,30,30,30.0,30,30,0.0,0,0,,,,,,,,,,,,,1.562586072087029,0.8213568791564672
